-- phpMyAdmin SQL Dump
-- version 5.1.1
-- https://www.phpmyadmin.net/
--
-- Máy chủ: 127.0.0.1
-- Thời gian đã tạo: Th10 18, 2021 lúc 10:34 AM
-- Phiên bản máy phục vụ: 10.4.21-MariaDB
-- Phiên bản PHP: 8.0.12

SET SQL_MODE = "NO_AUTO_VALUE_ON_ZERO";
START TRANSACTION;
SET time_zone = "+00:00";


/*!40101 SET @OLD_CHARACTER_SET_CLIENT=@@CHARACTER_SET_CLIENT */;
/*!40101 SET @OLD_CHARACTER_SET_RESULTS=@@CHARACTER_SET_RESULTS */;
/*!40101 SET @OLD_COLLATION_CONNECTION=@@COLLATION_CONNECTION */;
/*!40101 SET NAMES utf8mb4 */;

--
-- Cơ sở dữ liệu: `apsystem`
--

-- --------------------------------------------------------

--
-- Cấu trúc bảng cho bảng `admin`
--

CREATE TABLE `admin` (
  `id` int(11) NOT NULL,
  `username` varchar(30) NOT NULL,
  `password` varchar(60) NOT NULL,
  `firstname` varchar(50) NOT NULL,
  `lastname` varchar(50) NOT NULL,
  `photo` varchar(200) NOT NULL,
  `created_on` date NOT NULL
) ENGINE=InnoDB DEFAULT CHARSET=latin1;

--
-- Đang đổ dữ liệu cho bảng `admin`
--

INSERT INTO `admin` (`id`, `username`, `password`, `firstname`, `lastname`, `photo`, `created_on`) VALUES
(1, 'ly3012', '123456', 'Phung', 'Ly', 'girl8.jpg', '2021-11-03'),
(2, 'phuongnam', '123456', 'Namy', 'Hordan', 'Namy.jpg', '2021-11-03');

-- --------------------------------------------------------

--
-- Cấu trúc bảng cho bảng `attendance`
--

CREATE TABLE `attendance` (
  `id` int(11) NOT NULL,
  `employee_id` int(11) NOT NULL,
  `date` date NOT NULL,
  `time_in` time NOT NULL,
  `status` int(1) NOT NULL,
  `time_out` time NOT NULL,
  `num_hr` double NOT NULL
) ENGINE=InnoDB DEFAULT CHARSET=latin1;

--
-- Đang đổ dữ liệu cho bảng `attendance`
--

INSERT INTO `attendance` (`id`, `employee_id`, `date`, `time_in`, `status`, `time_out`, `num_hr`) VALUES
(1, 1, '2021-10-16', '08:00:00', 1, '17:00:00', 8),
(2, 2, '2021-10-16', '08:00:00', 1, '17:00:00', 8),
(3, 3, '2021-10-16', '08:00:00', 1, '17:00:00', 8),
(4, 4, '2021-10-16', '08:00:00', 1, '17:00:00', 8),
(5, 5, '2021-10-16', '08:00:00', 1, '17:00:00', 8),
(6, 6, '2021-10-16', '08:00:00', 1, '17:00:00', 8),
(7, 7, '2021-10-16', '08:00:00', 1, '16:44:23', 7.7333333333333),
(8, 8, '2021-10-16', '08:00:00', 1, '17:00:00', 8),
(9, 9, '2021-10-16', '08:00:00', 1, '17:00:00', 8),
(10, 10, '2021-10-16', '08:00:00', 1, '17:00:00', 7),
(11, 11, '2021-10-16', '08:00:00', 1, '17:00:00', 8),
(12, 12, '2021-10-16', '08:30:00', 1, '17:00:00', 8),
(13, 13, '2021-10-16', '08:00:00', 1, '17:00:00', 0),
(14, 14, '2021-10-16', '08:00:00', 1, '17:00:00', 9),
(15, 15, '2021-10-16', '12:00:00', 0, '18:00:00', 5),
(16, 16, '2021-10-16', '08:00:00', 1, '17:00:00', 7),
(17, 17, '2021-10-16', '09:00:00', 1, '18:00:00', 8),
(18, 18, '2021-10-16', '07:41:00', 1, '16:00:00', 7),
(19, 19, '2021-10-16', '06:27:00', 1, '15:00:00', 6),
(20, 20, '2021-10-16', '07:45:00', 1, '14:48:00', 3.8),
(21, 21, '2021-10-16', '07:56:00', 1, '17:00:00', 8),
(22, 22, '2021-10-16', '06:05:12', 1, '16:00:00', 7),
(23, 23, '2021-10-16', '18:12:06', 0, '00:00:00', 5.8),
(24, 24, '2021-10-16', '18:13:01', 0, '00:00:00', 0),
(25, 25, '2021-10-16', '18:14:30', 0, '00:00:00', 0),
(26, 26, '2021-10-16', '18:16:14', 0, '00:00:00', 0),
(27, 27, '2021-10-16', '18:17:32', 0, '00:00:00', 0),
(28, 28, '2021-10-16', '18:18:33', 0, '00:00:00', 0),
(29, 29, '2021-10-16', '18:19:26', 0, '00:00:00', 0),
(30, 30, '2021-10-16', '18:20:26', 0, '00:00:00', 0),
(31, 31, '2021-10-16', '18:21:41', 0, '00:00:00', 0),
(32, 1, '2021-10-17', '23:46:31', 1, '00:00:00', 0),
(33, 2, '2021-10-17', '23:50:28', 1, '00:00:00', 0),
(34, 3, '2021-10-17', '23:52:48', 1, '00:00:00', 0),
(35, 4, '2021-10-17', '23:54:50', 1, '00:00:00', 0),
(36, 5, '2021-10-17', '23:56:02', 1, '00:00:00', 0),
(37, 6, '2021-10-17', '13:57:00', 0, '00:00:00', 12.95),
(38, 7, '2021-10-17', '23:32:54', 1, '21:13:59', 6.5333333333333),
(39, 8, '2021-10-17', '16:12:06', 0, '00:00:00', 0),
(40, 9, '2021-10-17', '06:53:11', 1, '18:01:55', 0),
(41, 10, '2021-10-17', '06:53:11', 1, '18:01:55', 0),
(42, 11, '2021-10-17', '06:53:11', 1, '18:01:55', 0),
(43, 12, '2021-10-17', '06:53:11', 1, '18:01:55', 0),
(44, 13, '2021-10-17', '06:53:11', 1, '18:01:55', 0),
(45, 14, '2021-10-17', '06:53:11', 1, '18:01:55', 0),
(46, 15, '2021-10-17', '06:53:11', 1, '18:01:55', 0),
(47, 16, '2021-10-17', '06:53:11', 1, '18:01:55', 0),
(48, 17, '2021-10-17', '06:53:11', 1, '18:01:55', 0),
(49, 18, '2021-10-17', '06:53:11', 1, '18:01:55', 0),
(51, 19, '2021-10-17', '06:53:11', 1, '18:01:55', 0),
(52, 20, '2021-10-17', '06:53:11', 1, '18:01:55', 0),
(53, 21, '2021-10-17', '06:53:11', 1, '18:01:55', 0),
(54, 22, '2021-10-17', '06:53:11', 1, '18:01:55', 0),
(55, 23, '2021-10-17', '06:53:11', 1, '18:01:55', 0),
(56, 24, '2021-10-17', '06:53:11', 1, '18:01:55', 0),
(57, 25, '2021-10-17', '06:53:11', 1, '18:01:55', 0),
(58, 26, '2021-10-17', '06:53:11', 1, '18:01:55', 0),
(59, 27, '2021-10-17', '06:53:11', 1, '18:01:55', 0),
(60, 28, '2021-10-17', '06:53:11', 1, '18:01:55', 0),
(61, 29, '2021-10-17', '06:53:11', 1, '18:01:55', 0),
(62, 30, '2021-10-17', '06:53:11', 1, '18:01:55', 0),
(63, 31, '2021-10-17', '06:53:11', 1, '18:01:55', 0),
(64, 1, '2021-10-18', '08:53:11', 1, '19:01:55', 0),
(65, 2, '2021-10-18', '08:53:11', 1, '19:01:55', 0),
(66, 3, '2021-10-18', '08:53:11', 1, '19:01:55', 0),
(67, 4, '2021-10-18', '08:53:11', 1, '19:01:55', 0),
(68, 5, '2021-10-18', '08:53:11', 1, '19:01:55', 0),
(69, 6, '2021-10-18', '08:53:11', 1, '19:01:55', 0),
(70, 9, '2021-10-18', '08:53:11', 1, '19:01:55', 0),
(71, 10, '2021-10-18', '08:53:11', 1, '19:01:55', 0),
(72, 11, '2021-10-18', '07:53:11', 1, '19:01:55', 0),
(73, 12, '2021-10-18', '07:53:11', 1, '19:01:55', 0),
(74, 13, '2021-10-18', '07:53:11', 1, '19:01:55', 0),
(75, 14, '2021-10-18', '07:53:11', 1, '19:01:55', 0),
(76, 15, '2021-10-18', '07:53:11', 1, '19:01:55', 0),
(77, 16, '2021-10-18', '07:53:11', 1, '19:01:55', 0),
(78, 17, '2021-10-18', '07:53:11', 1, '19:01:55', 0),
(79, 18, '2021-10-18', '07:53:11', 1, '19:01:55', 0),
(80, 19, '2021-10-18', '07:53:11', 1, '19:01:55', 0),
(81, 20, '2021-10-18', '07:53:11', 1, '19:01:55', 0),
(82, 21, '2021-10-18', '07:53:11', 1, '19:01:55', 0),
(83, 22, '2021-10-18', '07:53:11', 1, '19:01:55', 0),
(84, 23, '2021-10-18', '07:53:11', 1, '19:01:55', 0),
(85, 24, '2021-10-18', '07:53:11', 1, '19:01:55', 0),
(86, 25, '2021-10-18', '07:53:11', 1, '19:01:55', 0),
(87, 26, '2021-10-18', '07:53:11', 1, '19:01:55', 0),
(88, 27, '2021-10-18', '07:53:11', 1, '19:01:55', 0),
(89, 28, '2021-10-18', '07:53:11', 1, '19:01:55', 0),
(90, 29, '2021-10-18', '07:53:11', 1, '19:01:55', 0),
(91, 30, '2021-10-18', '07:53:11', 1, '19:01:55', 0),
(92, 31, '2021-10-18', '07:53:11', 1, '19:01:55', 0),
(93, 1, '2021-10-19', '06:58:11', 1, '19:01:55', 0),
(94, 2, '2021-10-19', '06:58:11', 1, '19:01:55', 0),
(95, 3, '2021-10-19', '06:58:11', 1, '19:01:55', 0),
(96, 4, '2021-10-19', '06:58:11', 1, '19:01:55', 0),
(97, 5, '2021-10-19', '06:58:11', 1, '19:01:55', 0),
(98, 6, '2021-10-19', '06:58:11', 1, '19:01:55', 0),
(99, 7, '2021-10-19', '06:58:11', 1, '19:01:55', 0),
(100, 8, '2021-10-19', '06:58:11', 1, '19:01:55', 0),
(101, 9, '2021-10-19', '06:58:11', 1, '19:01:55', 0),
(102, 10, '2021-10-19', '06:58:11', 1, '19:01:55', 0),
(103, 11, '2021-10-19', '06:58:11', 1, '19:01:55', 0),
(104, 12, '2021-10-19', '06:58:11', 1, '19:01:55', 0),
(105, 13, '2021-10-19', '06:58:11', 1, '19:01:55', 0),
(106, 14, '2021-10-19', '06:58:11', 1, '19:01:55', 0),
(107, 15, '2021-10-19', '06:58:11', 1, '19:01:55', 0),
(108, 16, '2021-10-19', '06:58:11', 1, '19:01:55', 0),
(109, 17, '2021-10-19', '06:58:11', 1, '19:01:55', 0),
(110, 18, '2021-10-19', '06:58:11', 1, '19:01:55', 0),
(111, 19, '2021-10-19', '06:58:11', 1, '19:01:55', 0),
(112, 20, '2021-10-19', '06:58:11', 1, '19:01:55', 0),
(113, 21, '2021-10-19', '06:58:11', 1, '19:01:55', 0),
(114, 22, '2021-10-19', '06:58:11', 1, '19:01:55', 0),
(115, 23, '2021-10-19', '06:58:11', 1, '19:01:55', 0),
(116, 24, '2021-10-19', '06:58:11', 1, '19:01:55', 0),
(117, 25, '2021-10-19', '06:58:11', 1, '19:01:55', 0),
(118, 26, '2021-10-19', '06:58:11', 1, '19:01:55', 0),
(119, 27, '2021-10-19', '06:58:11', 1, '19:01:55', 0),
(120, 28, '2021-10-19', '06:58:11', 1, '19:01:55', 0),
(121, 29, '2021-10-19', '06:58:11', 1, '19:01:55', 0),
(122, 30, '2021-10-19', '06:58:11', 1, '19:01:55', 0),
(123, 31, '2021-10-19', '06:58:11', 1, '19:01:55', 0),
(124, 1, '2021-10-20', '06:58:11', 1, '19:01:55', 0),
(125, 2, '2021-10-20', '06:58:11', 1, '19:01:55', 0),
(126, 3, '2021-10-20', '06:58:11', 1, '19:01:55', 0),
(127, 4, '2021-10-20', '06:58:11', 1, '19:01:55', 0),
(128, 5, '2021-10-20', '06:58:11', 1, '19:01:55', 0),
(129, 6, '2021-10-20', '06:58:11', 1, '19:01:55', 0),
(130, 7, '2021-10-20', '06:58:11', 1, '19:01:55', 0),
(131, 8, '2021-10-20', '06:58:11', 1, '19:01:55', 0),
(132, 9, '2021-10-20', '06:58:11', 1, '19:01:55', 0),
(133, 10, '2021-10-20', '06:58:11', 1, '19:01:55', 0),
(134, 11, '2021-10-20', '06:58:11', 1, '19:01:55', 0),
(135, 12, '2021-10-20', '06:58:11', 1, '19:01:55', 0),
(136, 13, '2021-10-20', '06:58:11', 1, '19:01:55', 0),
(137, 14, '2021-10-20', '06:58:11', 1, '19:01:55', 0),
(138, 15, '2021-10-20', '06:58:11', 1, '19:01:55', 0),
(139, 16, '2021-10-20', '06:58:11', 1, '19:01:55', 0),
(140, 17, '2021-10-20', '06:58:11', 1, '19:01:55', 0),
(141, 18, '2021-10-20', '06:58:11', 1, '19:01:55', 0),
(142, 19, '2021-10-20', '06:58:11', 1, '19:01:55', 0),
(143, 20, '2021-10-20', '06:58:11', 1, '19:01:55', 0),
(144, 21, '2021-10-20', '06:58:11', 1, '19:01:55', 0),
(145, 22, '2021-10-20', '06:58:11', 1, '19:01:55', 0),
(146, 23, '2021-10-20', '06:58:11', 1, '19:01:55', 0),
(147, 24, '2021-10-20', '06:58:11', 1, '19:01:55', 0),
(148, 25, '2021-10-20', '06:58:11', 1, '19:01:55', 0),
(149, 26, '2021-10-20', '06:58:11', 1, '19:01:55', 0),
(150, 27, '2021-10-20', '06:58:11', 1, '19:01:55', 0),
(151, 28, '2021-10-20', '06:58:11', 1, '19:01:55', 0),
(152, 29, '2021-10-20', '06:58:11', 1, '19:01:55', 0),
(153, 30, '2021-10-20', '06:58:11', 1, '19:01:55', 0),
(154, 31, '2021-10-20', '06:58:11', 1, '19:01:55', 0),
(155, 1, '2021-10-21', '06:58:11', 1, '19:01:55', 0),
(156, 2, '2021-10-21', '06:58:11', 1, '18:01:55', 0),
(157, 3, '2021-10-21', '06:58:11', 1, '18:01:55', 0),
(158, 4, '2021-10-21', '06:58:11', 1, '18:01:55', 0),
(159, 5, '2021-10-21', '06:58:11', 1, '18:01:55', 0),
(160, 6, '2021-10-21', '06:58:11', 1, '18:01:55', 0),
(161, 7, '2021-10-21', '06:58:11', 1, '18:01:55', 0),
(162, 8, '2021-10-21', '06:58:11', 1, '18:01:55', 0),
(163, 9, '2021-10-21', '06:58:11', 1, '18:01:55', 0),
(164, 10, '2021-10-21', '06:58:11', 1, '18:01:55', 0),
(165, 11, '2021-10-21', '06:58:11', 1, '18:01:55', 0),
(166, 12, '2021-10-21', '06:58:11', 1, '18:01:55', 0),
(167, 13, '2021-10-21', '06:58:11', 1, '18:01:55', 0),
(168, 14, '2021-10-21', '06:58:11', 1, '18:01:55', 0),
(169, 15, '2021-10-21', '06:58:11', 1, '18:01:55', 0),
(170, 16, '2021-10-21', '06:58:11', 1, '18:01:55', 0),
(171, 17, '2021-10-21', '06:58:11', 1, '18:01:55', 0),
(172, 18, '2021-10-21', '06:58:11', 1, '18:01:55', 0),
(173, 19, '2021-10-21', '06:58:11', 1, '18:01:55', 0),
(174, 20, '2021-10-21', '06:58:11', 1, '18:01:55', 0),
(175, 21, '2021-10-21', '06:58:11', 1, '18:01:55', 0),
(176, 22, '2021-10-21', '06:58:11', 1, '18:01:55', 0),
(177, 23, '2021-10-21', '06:58:11', 1, '18:01:55', 0),
(178, 24, '2021-10-21', '06:58:11', 1, '18:01:55', 0),
(179, 25, '2021-10-21', '06:58:11', 1, '18:01:55', 0),
(180, 26, '2021-10-21', '06:58:11', 1, '18:01:55', 0),
(181, 27, '2021-10-21', '06:58:11', 1, '18:01:55', 0),
(182, 28, '2021-10-21', '06:58:11', 1, '18:01:55', 0),
(183, 29, '2021-10-21', '06:58:11', 1, '18:01:55', 0),
(184, 30, '2021-10-21', '06:58:11', 1, '18:01:55', 0),
(185, 31, '2021-10-21', '06:58:11', 1, '18:01:55', 0),
(186, 1, '2021-10-22', '06:58:11', 1, '18:01:55', 0),
(187, 2, '2021-10-22', '06:58:11', 1, '18:01:55', 0),
(188, 3, '2021-10-22', '06:58:11', 1, '18:01:55', 0),
(189, 4, '2021-10-22', '06:58:11', 1, '18:01:55', 0),
(190, 5, '2021-10-22', '06:58:11', 1, '18:01:55', 0),
(191, 6, '2021-10-22', '06:58:11', 1, '18:01:55', 0),
(192, 7, '2021-10-22', '06:58:11', 1, '18:01:55', 0),
(193, 8, '2021-10-22', '06:58:11', 1, '18:01:55', 0),
(194, 9, '2021-10-22', '06:58:11', 1, '18:01:55', 0),
(195, 10, '2021-10-22', '06:58:11', 1, '18:01:55', 0),
(196, 11, '2021-10-22', '06:58:11', 1, '18:01:55', 0),
(197, 12, '2021-10-22', '06:58:11', 1, '18:01:55', 0),
(198, 13, '2021-10-22', '06:58:11', 1, '18:01:55', 0),
(199, 14, '2021-10-22', '06:58:11', 1, '18:01:55', 0),
(200, 15, '2021-10-22', '06:58:11', 1, '18:01:55', 0),
(201, 16, '2021-10-22', '06:58:11', 1, '18:01:55', 0),
(202, 17, '2021-10-22', '06:58:11', 1, '18:01:55', 0),
(203, 18, '2021-10-22', '06:58:11', 1, '18:01:55', 0),
(204, 19, '2021-10-22', '06:58:11', 1, '18:01:55', 0),
(205, 20, '2021-10-22', '06:58:11', 1, '18:01:55', 0),
(206, 21, '2021-10-22', '06:58:11', 1, '18:01:55', 0),
(207, 22, '2021-10-22', '06:58:11', 1, '18:01:55', 0),
(208, 23, '2021-10-22', '06:58:11', 1, '18:01:55', 0),
(209, 24, '2021-10-22', '06:58:11', 1, '18:01:55', 0),
(210, 25, '2021-10-22', '06:58:11', 1, '18:01:55', 0),
(211, 26, '2021-10-22', '06:58:11', 1, '18:01:55', 0),
(212, 27, '2021-10-22', '06:58:11', 1, '18:01:55', 0),
(213, 28, '2021-10-22', '06:58:11', 1, '18:01:55', 0),
(214, 29, '2021-10-22', '06:58:11', 1, '18:01:55', 0),
(215, 30, '2021-10-22', '06:58:11', 1, '18:01:55', 0),
(216, 31, '2021-10-22', '06:58:11', 1, '18:01:55', 0),
(217, 1, '2021-10-23', '06:58:11', 1, '18:01:55', 0),
(218, 2, '2021-10-23', '06:58:11', 1, '18:01:55', 0),
(219, 3, '2021-10-23', '06:58:11', 1, '18:01:55', 0),
(220, 4, '2021-10-23', '06:58:11', 1, '18:01:55', 0),
(221, 5, '2021-10-23', '06:58:11', 1, '18:01:55', 0),
(222, 6, '2021-10-23', '06:58:11', 1, '18:01:55', 0),
(223, 7, '2021-10-23', '06:58:11', 1, '18:01:55', 0),
(224, 8, '2021-10-23', '06:58:11', 1, '18:01:55', 0),
(225, 9, '2021-10-23', '06:58:11', 1, '18:01:55', 0),
(226, 10, '2021-10-23', '06:58:11', 1, '18:01:55', 0),
(227, 11, '2021-10-23', '06:58:11', 1, '18:01:55', 0),
(228, 12, '2021-10-23', '06:58:11', 1, '18:01:55', 0),
(229, 13, '2021-10-23', '06:58:11', 1, '18:01:55', 0),
(230, 14, '2021-10-23', '06:58:11', 1, '18:01:55', 0),
(231, 15, '2021-10-23', '06:58:11', 1, '18:01:55', 0),
(232, 16, '2021-10-23', '06:58:11', 1, '18:01:55', 0),
(233, 17, '2021-10-23', '06:58:11', 1, '18:01:55', 0),
(234, 18, '2021-10-23', '06:58:11', 1, '18:01:55', 0),
(235, 19, '2021-10-23', '06:58:11', 1, '18:01:55', 0),
(236, 20, '2021-10-23', '06:58:11', 1, '18:01:55', 0),
(237, 21, '2021-10-23', '06:58:11', 1, '18:01:55', 0),
(238, 22, '2021-10-23', '06:58:11', 1, '18:01:55', 0),
(239, 23, '2021-10-23', '06:58:11', 1, '18:01:55', 0),
(240, 24, '2021-10-23', '06:58:11', 1, '18:01:55', 0),
(241, 25, '2021-10-23', '06:58:11', 1, '18:01:55', 0),
(242, 26, '2021-10-23', '06:58:11', 1, '18:01:55', 0),
(243, 27, '2021-10-23', '06:58:11', 1, '18:01:55', 0),
(244, 28, '2021-10-23', '06:58:11', 1, '18:01:55', 0),
(245, 29, '2021-10-23', '06:58:11', 1, '18:01:55', 0),
(246, 30, '2021-10-23', '06:58:11', 1, '18:01:55', 0),
(247, 31, '2021-10-23', '06:58:11', 1, '18:01:55', 0),
(248, 1, '2021-10-24', '06:58:11', 1, '17:01:55', 10),
(249, 2, '2021-10-24', '06:58:11', 1, '17:01:55', 10),
(250, 3, '2021-10-24', '06:58:11', 1, '17:01:55', 10),
(251, 4, '2021-10-24', '06:58:11', 1, '17:01:55', 10),
(252, 5, '2021-10-24', '06:58:11', 1, '17:01:55', 10),
(253, 6, '2021-10-24', '06:58:11', 1, '16:01:55', 9),
(254, 7, '2021-10-24', '06:58:11', 1, '16:01:55', 9),
(255, 8, '2021-10-24', '06:58:11', 1, '16:01:55', 9),
(256, 9, '2021-10-24', '06:58:11', 1, '16:01:55', 9),
(257, 10, '2021-10-24', '07:58:11', 1, '17:01:55', 9),
(258, 11, '2021-10-24', '07:58:11', 1, '17:01:55', 9),
(259, 12, '2021-10-24', '07:58:11', 1, '17:01:55', 9),
(260, 13, '2021-10-24', '07:58:11', 1, '17:01:55', 9),
(261, 14, '2021-10-24', '07:58:11', 1, '17:01:55', 9),
(262, 15, '2021-10-24', '07:58:11', 1, '17:01:55', 9),
(263, 16, '2021-10-24', '07:58:11', 1, '17:01:55', 9),
(264, 17, '2021-10-24', '07:58:11', 1, '17:01:55', 9),
(265, 18, '2021-10-24', '07:58:11', 1, '17:01:55', 9),
(266, 19, '2021-10-24', '07:58:11', 1, '17:01:55', 9),
(267, 20, '2021-10-24', '07:58:11', 1, '17:01:55', 9),
(268, 21, '2021-10-24', '07:58:11', 1, '17:01:55', 9),
(269, 22, '2021-10-24', '07:58:11', 1, '17:01:55', 9),
(270, 23, '2021-10-24', '07:58:11', 1, '17:01:55', 9),
(271, 24, '2021-10-24', '07:58:11', 1, '17:01:55', 9),
(272, 25, '2021-10-24', '07:58:11', 1, '17:01:55', 9),
(273, 26, '2021-10-24', '07:58:11', 1, '17:01:55', 9),
(274, 27, '2021-10-24', '07:58:11', 1, '17:01:55', 9),
(275, 28, '2021-10-24', '07:58:11', 1, '17:01:55', 9),
(276, 29, '2021-10-24', '07:58:11', 1, '17:01:55', 9),
(277, 30, '2021-10-24', '07:58:11', 1, '17:01:55', 9),
(278, 31, '2021-10-24', '07:58:11', 1, '17:01:55', 9),
(279, 1, '2021-10-25', '06:58:11', 1, '17:01:55', 8),
(280, 2, '2021-10-25', '06:58:11', 1, '17:01:55', 8),
(281, 3, '2021-10-25', '06:58:11', 1, '17:01:55', 8),
(282, 4, '2021-10-25', '06:58:11', 1, '17:01:55', 8),
(283, 5, '2021-10-25', '06:58:11', 1, '17:01:55', 8),
(284, 6, '2021-10-25', '06:58:11', 1, '17:01:55', 8),
(285, 7, '2021-10-25', '06:58:11', 1, '17:01:55', 8),
(286, 8, '2021-10-25', '06:58:11', 1, '17:01:55', 8),
(287, 9, '2021-10-25', '06:58:11', 1, '17:01:55', 8),
(288, 10, '2021-10-25', '06:58:11', 1, '17:01:55', 8),
(289, 11, '2021-10-25', '06:58:11', 1, '17:01:55', 8),
(290, 12, '2021-10-25', '06:58:11', 1, '17:01:55', 8),
(291, 13, '2021-10-25', '06:58:11', 1, '17:01:55', 8),
(292, 14, '2021-10-25', '06:58:11', 1, '17:01:55', 8),
(293, 15, '2021-10-25', '06:58:11', 1, '17:01:55', 8),
(294, 16, '2021-10-25', '06:58:11', 1, '17:01:55', 8),
(295, 17, '2021-10-25', '06:58:11', 1, '17:01:55', 8),
(296, 18, '2021-10-25', '06:58:11', 1, '17:01:55', 8),
(297, 19, '2021-10-25', '06:58:11', 1, '17:01:55', 8),
(298, 20, '2021-10-25', '06:58:11', 1, '17:01:55', 8),
(299, 21, '2021-10-25', '06:58:11', 1, '17:01:55', 8),
(300, 22, '2021-10-25', '06:58:11', 1, '17:01:55', 8),
(301, 23, '2021-10-25', '06:58:11', 1, '17:01:55', 8),
(302, 24, '2021-10-25', '06:58:11', 1, '17:01:55', 8),
(303, 25, '2021-10-25', '06:58:11', 1, '17:01:55', 8),
(304, 26, '2021-10-25', '06:58:11', 1, '17:01:55', 8),
(305, 27, '2021-10-25', '06:58:11', 1, '17:01:55', 8),
(306, 28, '2021-10-25', '06:58:11', 1, '17:01:55', 8),
(307, 29, '2021-10-25', '06:58:11', 1, '17:01:55', 8),
(308, 30, '2021-10-25', '06:58:11', 1, '17:01:55', 8),
(309, 31, '2021-10-25', '06:58:11', 1, '17:01:55', 8),
(310, 1, '2021-10-26', '06:58:11', 1, '17:01:55', 8),
(311, 2, '2021-10-26', '06:58:11', 1, '17:01:55', 8),
(312, 3, '2021-10-26', '06:58:11', 1, '17:01:55', 8),
(313, 4, '2021-10-26', '06:58:11', 1, '17:01:55', 8),
(314, 5, '2021-10-26', '06:58:11', 1, '17:01:55', 8),
(315, 6, '2021-10-26', '06:58:11', 1, '17:01:55', 8),
(316, 7, '2021-10-26', '06:58:11', 1, '17:01:55', 8),
(317, 8, '2021-10-26', '06:58:11', 1, '17:01:55', 8),
(318, 9, '2021-10-26', '06:58:11', 1, '17:01:55', 8),
(319, 10, '2021-10-26', '06:58:11', 1, '17:01:55', 8),
(320, 11, '2021-10-26', '06:58:11', 1, '17:01:55', 8),
(321, 12, '2021-10-26', '06:58:11', 1, '17:01:55', 8),
(322, 13, '2021-10-26', '06:58:11', 1, '17:01:55', 8),
(323, 14, '2021-10-26', '06:58:11', 1, '17:01:55', 8),
(324, 15, '2021-10-26', '06:58:11', 1, '17:01:55', 8),
(325, 16, '2021-10-26', '06:58:11', 1, '17:01:55', 8),
(326, 17, '2021-10-26', '06:58:11', 1, '17:01:55', 8),
(327, 18, '2021-10-26', '06:58:11', 1, '17:01:55', 8),
(328, 19, '2021-10-26', '06:58:11', 1, '17:01:55', 8),
(329, 20, '2021-10-26', '06:58:11', 1, '17:01:55', 8),
(330, 21, '2021-10-26', '06:58:11', 1, '17:01:55', 8),
(331, 22, '2021-10-26', '06:58:11', 1, '17:01:55', 8),
(332, 23, '2021-10-26', '06:58:11', 1, '17:01:55', 8),
(333, 24, '2021-10-26', '06:58:11', 1, '17:01:55', 8),
(334, 25, '2021-10-26', '06:58:11', 1, '17:01:55', 8),
(335, 26, '2021-10-26', '06:58:11', 1, '17:01:55', 8),
(336, 27, '2021-10-26', '06:58:11', 1, '17:01:55', 8),
(337, 28, '2021-10-26', '06:58:11', 1, '17:01:55', 8),
(338, 29, '2021-10-26', '06:58:11', 1, '17:01:55', 8),
(339, 30, '2021-10-26', '06:58:11', 1, '17:01:55', 8),
(340, 31, '2021-10-26', '06:58:11', 1, '17:01:55', 8),
(341, 1, '2021-10-27', '06:58:11', 1, '17:01:55', 8),
(342, 2, '2021-10-27', '06:58:11', 1, '17:01:55', 8),
(343, 3, '2021-10-27', '06:58:11', 1, '17:01:55', 8),
(344, 4, '2021-10-27', '06:58:11', 1, '17:01:55', 8),
(345, 5, '2021-10-27', '06:58:11', 1, '17:01:55', 8),
(346, 6, '2021-10-27', '06:58:11', 1, '17:01:55', 8),
(347, 7, '2021-10-27', '06:58:11', 1, '17:01:55', 8),
(348, 8, '2021-10-27', '06:58:11', 1, '17:01:55', 8),
(349, 9, '2021-10-27', '06:58:11', 1, '17:01:55', 8),
(350, 10, '2021-10-27', '06:58:11', 1, '17:01:55', 8),
(351, 11, '2021-10-27', '06:58:11', 1, '17:01:55', 8),
(352, 12, '2021-10-27', '06:58:11', 1, '17:01:55', 8),
(353, 13, '2021-10-27', '06:58:11', 1, '17:01:55', 8),
(354, 14, '2021-10-27', '06:58:11', 1, '17:01:55', 8),
(355, 15, '2021-10-27', '06:58:11', 1, '17:01:55', 8),
(356, 16, '2021-10-27', '06:58:11', 1, '17:01:55', 8),
(357, 17, '2021-10-27', '06:58:11', 1, '17:01:55', 8),
(358, 18, '2021-10-27', '06:58:11', 1, '17:01:55', 8),
(359, 19, '2021-10-27', '06:58:11', 1, '17:01:55', 8),
(360, 20, '2021-10-27', '06:58:11', 1, '17:01:55', 8),
(361, 21, '2021-10-27', '06:58:11', 1, '17:01:55', 8),
(362, 22, '2021-10-27', '06:58:11', 1, '17:01:55', 8),
(363, 23, '2021-10-27', '06:58:11', 1, '17:01:55', 8),
(364, 24, '2021-10-27', '06:58:11', 1, '17:01:55', 8),
(365, 25, '2021-10-27', '06:58:11', 1, '17:01:55', 8),
(366, 26, '2021-10-27', '06:58:11', 1, '17:01:55', 8),
(367, 27, '2021-10-27', '06:58:11', 1, '17:01:55', 8),
(368, 28, '2021-10-27', '06:58:11', 1, '17:01:55', 8),
(369, 29, '2021-10-27', '06:58:11', 1, '17:01:55', 8),
(370, 30, '2021-10-27', '06:58:11', 1, '17:01:55', 8),
(371, 31, '2021-10-27', '06:58:11', 1, '17:01:55', 8),
(372, 1, '2021-10-28', '07:58:11', 1, '17:01:55', 8),
(373, 2, '2021-10-28', '07:58:11', 1, '17:01:55', 8),
(374, 3, '2021-10-28', '07:58:11', 1, '17:01:55', 8),
(375, 4, '2021-10-28', '07:58:11', 1, '17:01:55', 8),
(376, 5, '2021-10-28', '07:58:11', 1, '17:01:55', 8),
(377, 6, '2021-10-28', '07:58:11', 1, '17:01:55', 8),
(378, 7, '2021-10-28', '07:58:11', 1, '17:01:55', 8),
(379, 8, '2021-10-28', '07:58:11', 1, '17:01:55', 8),
(380, 9, '2021-10-28', '07:58:11', 1, '17:01:55', 8),
(381, 10, '2021-10-28', '07:58:11', 1, '17:01:55', 8),
(382, 11, '2021-10-28', '07:58:11', 1, '17:01:55', 8),
(383, 12, '2021-10-28', '07:58:11', 1, '17:01:55', 8),
(384, 13, '2021-10-28', '07:58:11', 1, '17:01:55', 8),
(385, 14, '2021-10-28', '07:58:11', 1, '17:01:55', 8),
(386, 15, '2021-10-28', '07:58:11', 1, '17:01:55', 8),
(387, 16, '2021-10-28', '07:58:11', 1, '17:01:55', 8),
(388, 17, '2021-10-28', '07:58:11', 1, '17:01:55', 8),
(389, 18, '2021-10-28', '07:58:11', 1, '17:01:55', 8),
(390, 19, '2021-10-28', '07:58:11', 1, '17:01:55', 8),
(391, 20, '2021-10-28', '07:58:11', 1, '17:01:55', 8),
(392, 21, '2021-10-28', '07:58:11', 1, '17:01:55', 8),
(393, 22, '2021-10-28', '07:58:11', 1, '17:01:55', 8),
(394, 23, '2021-10-28', '07:58:11', 1, '17:01:55', 8),
(395, 24, '2021-10-28', '07:58:11', 1, '17:01:55', 8),
(396, 25, '2021-10-28', '07:58:11', 1, '17:01:55', 8),
(397, 26, '2021-10-28', '07:58:11', 1, '17:01:55', 8),
(398, 27, '2021-10-28', '07:58:11', 1, '17:01:55', 8),
(399, 28, '2021-10-28', '07:58:11', 1, '17:01:55', 8),
(400, 29, '2021-10-28', '07:58:11', 1, '17:01:55', 8),
(401, 30, '2021-10-28', '07:58:11', 1, '17:01:55', 8),
(402, 31, '2021-10-28', '07:58:11', 1, '17:01:55', 8),
(403, 1, '2021-10-29', '07:58:11', 1, '17:01:55', 8),
(404, 2, '2021-10-29', '07:58:11', 1, '17:01:55', 8),
(405, 3, '2021-10-29', '07:58:11', 1, '17:01:55', 8),
(406, 4, '2021-10-29', '07:58:11', 1, '17:01:55', 8),
(407, 5, '2021-10-29', '07:58:11', 1, '17:01:55', 8),
(408, 6, '2021-10-29', '07:58:11', 1, '17:01:55', 8),
(409, 7, '2021-10-29', '07:58:11', 1, '17:01:55', 8),
(410, 8, '2021-10-29', '07:58:11', 1, '17:01:55', 8),
(411, 9, '2021-10-29', '07:58:11', 1, '17:01:55', 8),
(412, 10, '2021-10-29', '07:58:11', 1, '17:01:55', 8),
(413, 11, '2021-10-29', '07:58:11', 1, '17:01:55', 8),
(414, 12, '2021-10-29', '07:58:11', 1, '17:01:55', 8),
(415, 13, '2021-10-29', '07:58:11', 1, '17:01:55', 8),
(416, 14, '2021-10-29', '07:58:11', 1, '17:01:55', 8),
(417, 15, '2021-10-29', '07:58:11', 1, '17:01:55', 8),
(418, 16, '2021-10-29', '07:58:11', 1, '17:01:55', 8),
(419, 17, '2021-10-29', '07:58:11', 1, '17:01:55', 8),
(420, 18, '2021-10-29', '07:58:11', 1, '17:01:55', 8),
(421, 19, '2021-10-29', '07:58:11', 1, '17:01:55', 8),
(422, 20, '2021-10-29', '07:58:11', 1, '17:01:55', 8),
(423, 21, '2021-10-29', '07:58:11', 1, '17:01:55', 8),
(424, 22, '2021-10-29', '07:58:11', 1, '17:01:55', 8),
(425, 23, '2021-10-29', '07:58:11', 1, '17:01:55', 8),
(426, 24, '2021-10-29', '07:58:11', 1, '17:01:55', 8),
(427, 25, '2021-10-29', '07:58:11', 1, '17:01:55', 8),
(428, 26, '2021-10-29', '07:58:11', 1, '17:01:55', 8),
(429, 27, '2021-10-29', '07:58:11', 1, '17:01:55', 8),
(430, 28, '2021-10-29', '07:58:11', 1, '17:01:55', 8),
(431, 29, '2021-10-29', '07:58:11', 1, '17:01:55', 8),
(432, 30, '2021-10-29', '07:58:11', 1, '17:01:55', 8),
(433, 31, '2021-10-29', '07:58:11', 1, '17:01:55', 8),
(434, 1, '2021-10-30', '06:58:11', 1, '16:01:55', 8),
(435, 2, '2021-10-30', '06:58:11', 1, '16:01:55', 8),
(436, 3, '2021-10-30', '06:58:11', 1, '16:01:55', 8),
(437, 4, '2021-10-30', '06:58:11', 1, '16:01:55', 8),
(438, 5, '2021-10-30', '06:58:11', 1, '16:01:55', 8),
(439, 6, '2021-10-30', '06:58:11', 1, '16:01:55', 8),
(440, 7, '2021-10-30', '06:58:11', 1, '16:01:55', 8),
(441, 8, '2021-10-30', '06:58:11', 1, '16:01:55', 8),
(442, 9, '2021-10-30', '06:58:11', 1, '16:01:55', 8),
(443, 10, '2021-10-30', '06:58:11', 1, '16:01:55', 8),
(444, 11, '2021-10-30', '06:58:11', 1, '16:01:55', 8),
(445, 12, '2021-10-30', '06:58:11', 1, '16:01:55', 8),
(446, 13, '2021-10-30', '06:58:11', 1, '16:01:55', 8),
(447, 14, '2021-10-30', '06:58:11', 1, '16:01:55', 8),
(448, 15, '2021-10-30', '06:58:11', 1, '16:01:55', 8),
(449, 16, '2021-10-30', '06:58:11', 1, '16:01:55', 8),
(450, 17, '2021-10-30', '06:58:11', 1, '16:01:55', 8),
(451, 18, '2021-10-30', '06:58:11', 1, '16:01:55', 8),
(452, 19, '2021-10-30', '06:58:11', 1, '16:01:55', 8),
(453, 20, '2021-10-30', '06:58:11', 1, '16:01:55', 8),
(454, 21, '2021-10-30', '06:58:11', 1, '16:01:55', 8),
(455, 22, '2021-10-30', '06:58:11', 1, '16:01:55', 8),
(456, 23, '2021-10-30', '06:58:11', 1, '16:01:55', 8),
(457, 24, '2021-10-30', '06:58:11', 1, '16:01:55', 8),
(458, 25, '2021-10-30', '06:58:11', 1, '16:01:55', 8),
(459, 26, '2021-10-30', '06:58:11', 1, '16:01:55', 8),
(460, 27, '2021-10-30', '06:58:11', 1, '16:01:55', 8),
(461, 28, '2021-10-30', '06:58:11', 1, '16:01:55', 8),
(462, 29, '2021-10-30', '06:58:11', 1, '16:01:55', 8),
(463, 30, '2021-10-30', '06:58:11', 1, '16:01:55', 8),
(464, 31, '2021-10-30', '06:58:11', 1, '16:01:55', 8),
(465, 1, '2021-10-31', '06:58:11', 1, '16:01:55', 8),
(466, 2, '2021-10-31', '06:58:11', 1, '17:01:55', 8),
(467, 3, '2021-10-31', '06:58:11', 1, '17:01:55', 8),
(468, 4, '2021-10-31', '06:58:11', 1, '17:01:55', 8),
(469, 5, '2021-10-31', '06:58:11', 1, '17:01:55', 8),
(470, 6, '2021-10-31', '06:58:11', 1, '17:01:55', 8),
(471, 7, '2021-10-31', '06:58:11', 1, '17:01:55', 8),
(472, 8, '2021-10-31', '06:58:11', 1, '17:01:55', 8),
(473, 9, '2021-10-31', '06:58:11', 1, '17:01:55', 8),
(474, 10, '2021-10-31', '06:58:11', 1, '17:01:55', 8),
(475, 11, '2021-10-31', '06:58:11', 1, '17:01:55', 8),
(476, 12, '2021-10-31', '06:58:11', 1, '17:01:55', 8),
(477, 13, '2021-10-31', '06:58:11', 1, '17:01:55', 8),
(478, 14, '2021-10-31', '06:58:11', 1, '17:01:55', 8),
(479, 15, '2021-10-31', '06:58:11', 1, '17:01:55', 8),
(480, 16, '2021-10-31', '06:58:11', 1, '17:01:55', 8),
(481, 17, '2021-10-31', '06:58:11', 1, '17:01:55', 8),
(482, 18, '2021-10-31', '06:58:11', 1, '17:01:55', 8),
(483, 19, '2021-10-31', '06:58:11', 1, '17:01:55', 8),
(484, 20, '2021-10-31', '06:58:11', 1, '17:01:55', 8),
(485, 21, '2021-10-31', '06:58:11', 1, '17:01:55', 8),
(486, 22, '2021-10-31', '06:58:11', 1, '17:01:55', 8),
(487, 23, '2021-10-31', '06:58:11', 1, '17:01:55', 8),
(488, 24, '2021-10-31', '06:58:11', 1, '17:01:55', 8),
(489, 25, '2021-10-31', '06:58:11', 1, '17:01:55', 8),
(490, 26, '2021-10-31', '06:58:11', 1, '17:01:55', 8),
(491, 27, '2021-10-31', '06:58:11', 1, '17:01:55', 8),
(492, 28, '2021-10-31', '06:58:11', 1, '17:01:55', 8),
(493, 29, '2021-10-31', '06:58:11', 1, '17:01:55', 8),
(494, 30, '2021-10-31', '06:58:11', 1, '17:01:55', 8),
(495, 31, '2021-10-31', '06:58:11', 1, '17:01:55', 8),
(496, 1, '2021-11-01', '06:58:11', 1, '17:01:55', 8),
(497, 2, '2021-11-01', '06:58:11', 1, '17:01:55', 8),
(498, 3, '2021-11-01', '06:58:11', 1, '17:01:55', 8),
(499, 4, '2021-11-01', '06:58:11', 1, '17:01:55', 8),
(500, 5, '2021-11-01', '06:58:11', 1, '17:01:55', 8),
(501, 6, '2021-11-01', '06:58:11', 1, '17:01:55', 8),
(502, 7, '2021-11-01', '06:58:11', 1, '17:01:55', 8),
(503, 8, '2021-11-01', '06:58:11', 1, '17:01:55', 8),
(504, 9, '2021-11-01', '06:58:11', 1, '17:01:55', 8),
(505, 10, '2021-11-01', '06:58:11', 1, '17:01:55', 8),
(506, 11, '2021-11-01', '06:58:11', 1, '17:01:55', 8),
(507, 12, '2021-11-01', '06:58:11', 1, '17:01:55', 8),
(508, 13, '2021-11-01', '06:58:11', 1, '17:01:55', 8),
(509, 14, '2021-11-01', '06:58:11', 1, '17:01:55', 8),
(510, 15, '2021-11-01', '06:58:11', 1, '17:01:55', 8),
(511, 16, '2021-11-01', '06:58:11', 1, '17:01:55', 8),
(512, 17, '2021-11-01', '06:58:11', 1, '17:01:55', 8),
(513, 18, '2021-11-01', '06:58:11', 1, '17:01:55', 8),
(514, 19, '2021-11-01', '06:58:11', 1, '17:01:55', 8),
(515, 20, '2021-11-01', '06:58:11', 1, '17:01:55', 8),
(516, 21, '2021-11-01', '06:58:11', 1, '17:01:55', 8),
(517, 22, '2021-11-01', '06:58:11', 1, '17:01:55', 8),
(518, 23, '2021-11-01', '06:58:11', 1, '17:01:55', 8),
(519, 24, '2021-11-01', '06:58:11', 1, '17:01:55', 8),
(520, 25, '2021-11-01', '06:58:11', 1, '17:01:55', 8),
(521, 26, '2021-11-01', '06:58:11', 1, '17:01:55', 8),
(522, 27, '2021-11-01', '06:58:11', 1, '17:01:55', 8),
(523, 28, '2021-11-01', '06:58:11', 1, '17:01:55', 8),
(524, 29, '2021-11-01', '06:58:11', 1, '17:01:55', 8),
(525, 30, '2021-11-01', '06:58:11', 1, '17:01:55', 8),
(526, 31, '2021-11-01', '06:58:11', 1, '17:01:55', 8),
(527, 1, '2021-11-02', '06:58:11', 1, '18:01:55', 8),
(528, 2, '2021-11-02', '06:58:11', 1, '18:01:55', 8),
(529, 3, '2021-11-02', '06:58:11', 1, '18:01:55', 8),
(530, 4, '2021-11-02', '06:58:11', 1, '18:01:55', 8),
(531, 5, '2021-11-02', '06:58:11', 1, '18:01:55', 8),
(532, 6, '2021-11-02', '06:58:11', 1, '18:01:55', 8),
(533, 7, '2021-11-02', '06:58:11', 1, '18:01:55', 8),
(534, 8, '2021-11-02', '06:58:11', 1, '18:01:55', 8),
(535, 9, '2021-11-02', '06:58:11', 1, '18:01:55', 8),
(536, 10, '2021-11-02', '06:58:11', 1, '18:01:55', 8),
(537, 11, '2021-11-02', '06:58:11', 1, '18:01:55', 8),
(538, 12, '2021-11-02', '06:58:11', 1, '18:01:55', 8),
(539, 13, '2021-11-02', '06:58:11', 1, '18:01:55', 8),
(540, 14, '2021-11-02', '06:58:11', 1, '18:01:55', 8),
(541, 15, '2021-11-02', '06:58:11', 1, '18:01:55', 8),
(542, 16, '2021-11-02', '06:58:11', 1, '18:01:55', 8),
(543, 17, '2021-11-02', '06:58:11', 1, '18:01:55', 8),
(544, 18, '2021-11-02', '06:58:11', 1, '18:01:55', 8),
(545, 19, '2021-11-02', '06:58:11', 1, '18:01:55', 8),
(546, 20, '2021-11-02', '06:58:11', 1, '18:01:55', 8),
(547, 21, '2021-11-02', '06:58:11', 1, '18:01:55', 8),
(548, 22, '2021-11-02', '06:58:11', 1, '18:01:55', 8),
(549, 23, '2021-11-02', '06:58:11', 1, '18:01:55', 8),
(550, 24, '2021-11-02', '06:58:11', 1, '18:01:55', 8),
(551, 25, '2021-11-02', '06:58:11', 1, '18:01:55', 8),
(552, 26, '2021-11-02', '06:58:11', 1, '18:01:55', 8),
(553, 27, '2021-11-02', '06:58:11', 1, '18:01:55', 8),
(554, 28, '2021-11-02', '06:58:11', 1, '18:01:55', 8),
(555, 29, '2021-11-02', '06:58:11', 1, '18:01:55', 8),
(556, 30, '2021-11-02', '06:58:11', 1, '18:01:55', 8),
(557, 31, '2021-11-02', '06:58:11', 1, '18:01:55', 8),
(558, 1, '2021-11-03', '06:58:11', 1, '18:01:55', 8),
(559, 2, '2021-11-03', '06:58:11', 1, '18:01:55', 8),
(560, 3, '2021-11-03', '06:58:11', 1, '18:01:55', 8),
(561, 4, '2021-11-03', '06:58:11', 1, '18:01:55', 8),
(562, 5, '2021-11-03', '06:58:11', 1, '18:01:55', 8),
(563, 6, '2021-11-03', '06:58:11', 1, '18:01:55', 8),
(564, 7, '2021-11-03', '06:58:11', 1, '18:01:55', 8),
(565, 8, '2021-11-03', '06:58:11', 1, '18:01:55', 8),
(566, 9, '2021-11-03', '06:58:11', 1, '18:01:55', 8),
(567, 10, '2021-11-03', '06:58:11', 1, '18:01:55', 8),
(568, 10, '2021-11-03', '06:58:11', 1, '18:01:55', 8),
(569, 11, '2021-11-03', '06:58:11', 1, '18:01:55', 8),
(570, 12, '2021-11-03', '06:58:11', 1, '18:01:55', 8),
(571, 13, '2021-11-03', '06:58:11', 1, '18:01:55', 8),
(572, 14, '2021-11-03', '06:58:11', 1, '18:01:55', 8),
(573, 15, '2021-11-03', '06:58:11', 1, '18:01:55', 8),
(574, 16, '2021-11-03', '06:58:11', 1, '18:01:55', 8),
(575, 17, '2021-11-03', '06:58:11', 1, '18:01:55', 8),
(576, 18, '2021-11-03', '06:58:11', 1, '18:01:55', 8),
(577, 19, '2021-11-03', '06:58:11', 1, '18:01:55', 8),
(578, 20, '2021-11-03', '06:58:11', 1, '18:01:55', 8),
(579, 21, '2021-11-03', '06:58:11', 1, '18:01:55', 8),
(580, 22, '2021-11-03', '06:58:11', 1, '18:01:55', 8),
(581, 23, '2021-11-03', '06:58:11', 1, '18:01:55', 8),
(582, 24, '2021-11-03', '06:58:11', 1, '18:01:55', 8),
(583, 25, '2021-11-03', '06:58:11', 1, '18:01:55', 8),
(584, 26, '2021-11-03', '06:58:11', 1, '18:01:55', 8),
(585, 27, '2021-11-03', '06:58:11', 1, '18:01:55', 8),
(586, 28, '2021-11-03', '06:58:11', 1, '18:01:55', 8),
(587, 29, '2021-11-03', '06:58:11', 1, '18:01:55', 8),
(588, 30, '2021-11-03', '06:58:11', 1, '18:01:55', 8),
(589, 31, '2021-11-03', '06:58:11', 1, '18:01:55', 8),
(590, 1, '2021-11-04', '06:58:11', 1, '18:01:55', 8),
(591, 2, '2021-11-04', '06:58:11', 1, '18:01:55', 8),
(592, 3, '2021-11-04', '07:58:11', 1, '18:01:55', 8),
(593, 4, '2021-11-04', '07:58:11', 1, '18:01:55', 8),
(594, 5, '2021-11-04', '07:58:11', 1, '18:01:55', 8),
(595, 6, '2021-11-04', '07:58:11', 1, '18:01:55', 8),
(596, 7, '2021-11-04', '07:58:11', 1, '18:01:55', 8),
(597, 8, '2021-11-04', '07:58:11', 1, '17:01:55', 8),
(598, 9, '2021-11-04', '07:58:11', 1, '17:01:55', 8),
(599, 10, '2021-11-04', '07:58:11', 1, '17:01:55', 8),
(600, 11, '2021-11-04', '07:58:11', 1, '17:01:55', 8),
(601, 12, '2021-11-04', '07:58:11', 1, '17:01:55', 8),
(602, 13, '2021-11-04', '07:58:11', 1, '17:01:55', 8),
(603, 14, '2021-11-04', '07:58:11', 1, '17:01:55', 8),
(604, 15, '2021-11-04', '07:58:11', 1, '17:01:55', 8),
(605, 16, '2021-11-04', '07:58:11', 1, '17:01:55', 8),
(606, 17, '2021-11-04', '07:58:11', 1, '17:01:55', 8),
(607, 18, '2021-11-04', '07:58:11', 1, '17:01:55', 8),
(608, 19, '2021-11-04', '07:58:11', 1, '17:01:55', 8),
(609, 20, '2021-11-04', '07:58:11', 1, '17:01:55', 8),
(610, 21, '2021-11-04', '07:58:11', 1, '17:01:55', 8),
(611, 22, '2021-11-04', '07:58:11', 1, '17:01:55', 8),
(612, 23, '2021-11-04', '07:58:11', 1, '17:01:55', 8),
(613, 24, '2021-11-04', '07:58:11', 1, '17:01:55', 8),
(614, 25, '2021-11-04', '07:58:11', 1, '17:01:55', 8),
(615, 26, '2021-11-04', '07:58:11', 1, '17:01:55', 8),
(616, 27, '2021-11-04', '07:58:11', 1, '17:01:55', 8),
(617, 28, '2021-11-04', '07:58:11', 1, '17:01:55', 8),
(618, 29, '2021-11-04', '07:58:11', 1, '17:01:55', 8),
(619, 30, '2021-11-04', '07:58:11', 1, '17:01:55', 8),
(620, 31, '2021-11-04', '07:58:11', 1, '17:01:55', 8),
(621, 1, '2021-11-05', '06:58:11', 1, '17:01:55', 8),
(622, 2, '2021-11-05', '06:58:11', 1, '17:01:55', 8),
(623, 3, '2021-11-05', '06:58:11', 1, '17:01:55', 8),
(624, 4, '2021-11-05', '06:58:11', 1, '17:01:55', 8),
(625, 5, '2021-11-05', '06:58:11', 1, '17:01:55', 8),
(626, 6, '2021-11-05', '06:58:11', 1, '17:01:55', 8),
(627, 7, '2021-11-05', '06:58:11', 1, '17:01:55', 8),
(628, 8, '2021-11-05', '06:58:11', 1, '17:01:55', 8),
(629, 9, '2021-11-05', '06:58:11', 1, '17:01:55', 8),
(630, 10, '2021-11-05', '06:58:11', 1, '17:01:55', 8),
(631, 11, '2021-11-05', '06:58:11', 1, '17:01:55', 8),
(632, 12, '2021-11-05', '06:58:11', 1, '17:01:55', 8),
(633, 13, '2021-11-05', '06:58:11', 1, '17:01:55', 8),
(634, 14, '2021-11-05', '06:58:11', 1, '17:01:55', 8),
(635, 15, '2021-11-05', '06:58:11', 1, '17:01:55', 8),
(636, 16, '2021-11-05', '06:58:11', 1, '17:01:55', 8),
(637, 17, '2021-11-05', '06:58:11', 1, '17:01:55', 8),
(638, 18, '2021-11-05', '06:58:11', 1, '17:01:55', 8),
(639, 19, '2021-11-05', '06:58:11', 1, '17:01:55', 8),
(640, 20, '2021-11-05', '06:58:11', 1, '17:01:55', 8),
(641, 21, '2021-11-05', '06:58:11', 1, '17:01:55', 8),
(642, 22, '2021-11-05', '06:58:11', 1, '17:01:55', 8),
(643, 23, '2021-11-05', '06:58:11', 1, '17:01:55', 8),
(644, 24, '2021-11-05', '06:58:11', 1, '17:01:55', 8),
(645, 25, '2021-11-05', '06:58:11', 1, '17:01:55', 8),
(646, 26, '2021-11-05', '06:58:11', 1, '17:01:55', 8),
(647, 27, '2021-11-05', '06:58:11', 1, '17:01:55', 8),
(648, 28, '2021-11-05', '06:58:11', 1, '17:01:55', 8),
(649, 29, '2021-11-05', '06:58:11', 1, '17:01:55', 8),
(650, 30, '2021-11-05', '06:58:11', 1, '17:01:55', 8),
(651, 31, '2021-11-05', '06:58:11', 1, '17:01:55', 8),
(652, 1, '2021-11-06', '06:58:11', 1, '17:01:55', 8),
(653, 2, '2021-11-06', '06:58:11', 1, '17:01:55', 8),
(654, 3, '2021-11-06', '06:58:11', 1, '17:01:55', 8),
(655, 4, '2021-11-06', '06:58:11', 1, '17:01:55', 8),
(656, 5, '2021-11-06', '06:58:11', 1, '17:01:55', 8),
(657, 6, '2021-11-06', '06:58:11', 1, '17:01:55', 8),
(658, 7, '2021-11-06', '06:58:11', 1, '17:01:55', 8),
(659, 8, '2021-11-06', '06:58:11', 1, '17:01:55', 8),
(660, 9, '2021-11-06', '06:58:11', 1, '17:01:55', 8),
(661, 10, '2021-11-06', '06:58:11', 1, '17:01:55', 8),
(662, 11, '2021-11-06', '06:58:11', 1, '17:01:55', 8),
(663, 12, '2021-11-06', '06:58:11', 1, '17:01:55', 8),
(664, 13, '2021-11-06', '06:58:11', 1, '17:01:55', 8),
(665, 14, '2021-11-06', '06:58:11', 1, '17:01:55', 8),
(666, 15, '2021-11-06', '06:58:11', 1, '17:01:55', 8),
(667, 16, '2021-11-06', '06:58:11', 1, '17:01:55', 8),
(668, 17, '2021-11-06', '06:58:11', 1, '17:01:55', 8),
(669, 18, '2021-11-06', '06:58:11', 1, '17:01:55', 8),
(670, 19, '2021-11-06', '06:58:11', 1, '17:01:55', 8),
(671, 20, '2021-11-06', '06:58:11', 1, '17:01:55', 8),
(672, 21, '2021-11-06', '06:58:11', 1, '17:01:55', 8),
(673, 22, '2021-11-06', '06:58:11', 1, '17:01:55', 8),
(674, 23, '2021-11-06', '06:58:11', 1, '17:01:55', 8),
(675, 24, '2021-11-06', '06:58:11', 1, '17:01:55', 8),
(676, 25, '2021-11-06', '06:58:11', 1, '17:01:55', 8),
(677, 26, '2021-11-06', '06:58:11', 1, '17:01:55', 8),
(678, 27, '2021-11-06', '06:58:11', 1, '17:01:55', 8),
(679, 28, '2021-11-06', '06:58:11', 1, '17:01:55', 8),
(680, 29, '2021-11-06', '06:58:11', 1, '17:01:55', 8),
(681, 30, '2021-11-06', '06:58:11', 1, '17:01:55', 8),
(682, 31, '2021-11-06', '06:58:11', 1, '17:01:55', 8),
(683, 1, '2021-11-07', '07:58:11', 1, '17:01:55', 8),
(684, 2, '2021-11-07', '07:58:11', 1, '17:01:55', 8),
(685, 3, '2021-11-07', '07:58:11', 1, '17:01:55', 8),
(686, 4, '2021-11-07', '07:58:11', 1, '17:01:55', 8),
(687, 5, '2021-11-07', '07:58:11', 1, '17:01:55', 8),
(688, 6, '2021-11-07', '07:58:11', 1, '17:01:55', 8),
(689, 7, '2021-11-07', '07:58:11', 1, '17:01:55', 8),
(690, 8, '2021-11-07', '07:58:11', 1, '17:01:55', 8),
(691, 9, '2021-11-07', '07:58:11', 1, '17:01:55', 8),
(692, 10, '2021-11-07', '07:58:11', 1, '17:01:55', 8),
(693, 11, '2021-11-07', '07:58:11', 1, '17:01:55', 8),
(694, 12, '2021-11-07', '07:58:11', 1, '17:01:55', 8),
(695, 13, '2021-11-07', '07:58:11', 1, '17:01:55', 8),
(696, 14, '2021-11-07', '07:58:11', 1, '17:01:55', 8),
(697, 15, '2021-11-07', '07:58:11', 1, '17:01:55', 8),
(698, 16, '2021-11-07', '07:58:11', 1, '17:01:55', 8),
(699, 17, '2021-11-07', '07:58:11', 1, '17:01:55', 8),
(700, 18, '2021-11-07', '07:58:11', 1, '17:01:55', 8),
(701, 19, '2021-11-07', '07:58:11', 1, '17:01:55', 8),
(702, 20, '2021-11-07', '07:58:11', 1, '17:01:55', 8),
(703, 21, '2021-11-07', '07:58:11', 1, '17:01:55', 8),
(704, 22, '2021-11-07', '07:58:11', 1, '17:01:55', 8),
(705, 23, '2021-11-07', '07:58:11', 1, '17:01:55', 8),
(706, 24, '2021-11-07', '07:58:11', 1, '17:01:55', 8),
(707, 25, '2021-11-07', '07:58:11', 1, '17:01:55', 8),
(708, 26, '2021-11-07', '07:58:11', 1, '17:01:55', 8),
(709, 27, '2021-11-07', '07:58:11', 1, '17:01:55', 8),
(710, 28, '2021-11-07', '07:58:11', 1, '17:01:55', 8),
(711, 29, '2021-11-07', '07:58:11', 1, '17:01:55', 8),
(712, 30, '2021-11-07', '07:58:11', 1, '17:01:55', 8),
(713, 31, '2021-11-07', '07:58:11', 1, '17:01:55', 8),
(714, 1, '2021-11-08', '07:58:11', 1, '17:01:55', 8),
(715, 2, '2021-11-08', '07:58:11', 1, '17:01:55', 8),
(716, 3, '2021-11-08', '07:58:11', 1, '17:01:55', 8),
(717, 4, '2021-11-08', '07:58:11', 1, '17:01:55', 8),
(718, 5, '2021-11-08', '07:58:11', 1, '17:01:55', 8),
(719, 6, '2021-11-08', '07:58:11', 1, '17:01:55', 8),
(720, 7, '2021-11-08', '07:58:11', 1, '17:01:55', 8),
(721, 8, '2021-11-08', '07:58:11', 1, '17:01:55', 8),
(722, 9, '2021-11-08', '07:58:11', 1, '17:01:55', 8),
(723, 10, '2021-11-08', '07:58:11', 1, '17:01:55', 8),
(724, 11, '2021-11-08', '07:58:11', 1, '17:01:55', 8),
(725, 12, '2021-11-08', '07:58:11', 1, '17:01:55', 8),
(726, 13, '2021-11-08', '07:58:11', 1, '17:01:55', 8),
(727, 14, '2021-11-08', '07:58:11', 1, '17:01:55', 8),
(728, 15, '2021-11-08', '07:58:11', 1, '17:01:55', 8),
(729, 16, '2021-11-08', '07:58:11', 1, '17:01:55', 8),
(730, 17, '2021-11-08', '07:58:11', 1, '17:01:55', 8),
(731, 18, '2021-11-08', '07:58:11', 1, '17:01:55', 8),
(732, 19, '2021-11-08', '07:58:11', 1, '17:01:55', 8),
(733, 20, '2021-11-08', '07:58:11', 1, '17:01:55', 8),
(734, 21, '2021-11-08', '07:58:11', 1, '17:01:55', 8),
(735, 22, '2021-11-08', '07:58:11', 1, '17:01:55', 8),
(736, 23, '2021-11-08', '07:58:11', 1, '17:01:55', 8),
(737, 24, '2021-11-08', '07:58:11', 1, '17:01:55', 8),
(738, 25, '2021-11-08', '07:58:11', 1, '17:01:55', 8),
(739, 26, '2021-11-08', '07:58:11', 1, '17:01:55', 8),
(740, 27, '2021-11-08', '07:58:11', 1, '17:01:55', 8),
(741, 28, '2021-11-08', '07:58:11', 1, '17:01:55', 8),
(742, 29, '2021-11-08', '07:58:11', 1, '17:01:55', 8),
(743, 30, '2021-11-08', '07:58:11', 1, '17:01:55', 8),
(744, 31, '2021-11-08', '07:58:11', 1, '17:01:55', 8),
(745, 1, '2021-11-09', '06:58:11', 1, '16:01:55', 8),
(746, 2, '2021-11-09', '06:58:11', 1, '16:01:55', 8),
(747, 3, '2021-11-09', '06:58:11', 1, '16:01:55', 8),
(748, 4, '2021-11-09', '06:58:11', 1, '16:01:55', 8),
(749, 5, '2021-11-09', '06:58:11', 1, '16:01:55', 8),
(750, 6, '2021-11-09', '06:58:11', 1, '16:01:55', 8),
(751, 7, '2021-11-09', '06:58:11', 1, '16:01:55', 8),
(752, 8, '2021-11-09', '06:58:11', 1, '16:01:55', 8),
(753, 9, '2021-11-09', '06:58:11', 1, '16:01:55', 8),
(754, 10, '2021-11-09', '06:58:11', 1, '16:01:55', 8),
(755, 11, '2021-11-09', '06:58:11', 1, '16:01:55', 8),
(756, 12, '2021-11-09', '06:58:11', 1, '16:01:55', 8),
(757, 13, '2021-11-09', '06:58:11', 1, '16:01:55', 8),
(758, 14, '2021-11-09', '06:58:11', 1, '16:01:55', 8),
(759, 15, '2021-11-09', '06:58:11', 1, '16:01:55', 8),
(760, 16, '2021-11-09', '06:58:11', 1, '16:01:55', 8),
(761, 17, '2021-11-09', '06:58:11', 1, '16:01:55', 8),
(762, 18, '2021-11-09', '06:58:11', 1, '16:01:55', 8),
(763, 19, '2021-11-09', '06:58:11', 1, '16:01:55', 8),
(764, 20, '2021-11-09', '06:58:11', 1, '16:01:55', 8),
(765, 21, '2021-11-09', '06:58:11', 1, '16:01:55', 8),
(766, 22, '2021-11-09', '06:58:11', 1, '16:01:55', 8),
(767, 23, '2021-11-09', '06:58:11', 1, '16:01:55', 8),
(768, 24, '2021-11-09', '06:58:11', 1, '16:01:55', 8),
(769, 25, '2021-11-09', '06:58:11', 1, '16:01:55', 8),
(770, 26, '2021-11-09', '06:58:11', 1, '16:01:55', 8),
(771, 27, '2021-11-09', '06:58:11', 1, '16:01:55', 8),
(772, 28, '2021-11-09', '06:58:11', 1, '16:01:55', 8),
(773, 29, '2021-11-09', '06:58:11', 1, '16:01:55', 8),
(774, 30, '2021-11-09', '06:58:11', 1, '16:01:55', 8),
(775, 31, '2021-11-09', '06:58:11', 1, '16:01:55', 8),
(776, 1, '2021-11-10', '07:58:11', 1, '17:01:55', 8),
(777, 2, '2021-11-10', '07:58:11', 1, '17:01:55', 8),
(778, 3, '2021-11-10', '07:58:11', 1, '17:01:55', 8),
(779, 4, '2021-11-10', '07:58:11', 1, '17:01:55', 8),
(780, 5, '2021-11-10', '07:58:11', 1, '17:01:55', 8),
(781, 6, '2021-11-10', '07:58:11', 1, '17:01:55', 8),
(782, 7, '2021-11-10', '07:58:11', 1, '17:01:55', 8),
(783, 8, '2021-11-10', '07:58:11', 1, '17:01:55', 8),
(784, 9, '2021-11-10', '07:58:11', 1, '17:01:55', 8),
(785, 10, '2021-11-10', '07:58:11', 1, '17:01:55', 8),
(786, 11, '2021-11-10', '07:58:11', 1, '17:01:55', 8),
(787, 12, '2021-11-10', '07:58:11', 1, '17:01:55', 8),
(788, 13, '2021-11-10', '07:58:11', 1, '17:01:55', 8),
(789, 14, '2021-11-10', '07:58:11', 1, '17:01:55', 8),
(790, 15, '2021-11-10', '07:58:11', 1, '17:01:55', 8),
(791, 16, '2021-11-10', '07:58:11', 1, '17:01:55', 8),
(792, 17, '2021-11-10', '07:58:11', 1, '17:01:55', 8),
(793, 18, '2021-11-10', '07:58:11', 1, '17:01:55', 8),
(794, 19, '2021-11-10', '07:58:11', 1, '17:01:55', 8),
(795, 20, '2021-11-10', '07:58:11', 1, '17:01:55', 8),
(796, 21, '2021-11-10', '07:58:11', 1, '17:01:55', 8),
(797, 22, '2021-11-10', '07:58:11', 1, '17:01:55', 8),
(798, 23, '2021-11-10', '07:58:11', 1, '17:01:55', 8),
(799, 24, '2021-11-10', '07:58:11', 1, '17:01:55', 8),
(800, 25, '2021-11-10', '07:58:11', 1, '17:01:55', 8),
(801, 26, '2021-11-10', '07:58:11', 1, '17:01:55', 8),
(802, 27, '2021-11-10', '07:58:11', 1, '17:01:55', 8),
(803, 28, '2021-11-10', '07:58:11', 1, '17:01:55', 8),
(804, 29, '2021-11-10', '07:58:11', 1, '17:01:55', 8),
(805, 30, '2021-11-10', '07:58:11', 1, '17:01:55', 8),
(806, 31, '2021-11-10', '07:58:11', 1, '17:01:55', 8),
(807, 1, '2021-11-11', '06:58:11', 1, '17:01:55', 8),
(808, 2, '2021-11-11', '06:58:11', 1, '17:01:55', 8),
(809, 3, '2021-11-11', '06:58:11', 1, '17:01:55', 8),
(810, 4, '2021-11-11', '06:58:11', 1, '17:01:55', 8),
(811, 5, '2021-11-11', '06:58:11', 1, '17:01:55', 8),
(812, 6, '2021-11-11', '06:58:11', 1, '17:01:55', 8),
(813, 7, '2021-11-11', '06:58:11', 1, '17:01:55', 8),
(814, 8, '2021-11-11', '06:58:11', 1, '17:01:55', 8),
(815, 9, '2021-11-11', '06:58:11', 1, '17:01:55', 8),
(816, 10, '2021-11-11', '06:58:11', 1, '17:01:55', 8),
(817, 11, '2021-11-11', '06:58:11', 1, '17:01:55', 8),
(818, 12, '2021-11-11', '06:58:11', 1, '17:01:55', 8),
(819, 13, '2021-11-11', '06:58:11', 1, '17:01:55', 8),
(820, 14, '2021-11-11', '06:58:11', 1, '17:01:55', 8),
(821, 15, '2021-11-11', '06:58:11', 1, '17:01:55', 8),
(822, 16, '2021-11-11', '06:58:11', 1, '17:01:55', 8),
(823, 17, '2021-11-11', '06:58:11', 1, '17:01:55', 8),
(824, 18, '2021-11-11', '06:58:11', 1, '17:01:55', 8),
(825, 19, '2021-11-11', '06:58:11', 1, '17:01:55', 8),
(826, 20, '2021-11-11', '06:58:11', 1, '17:01:55', 8),
(827, 21, '2021-11-11', '06:58:11', 1, '17:01:55', 8),
(828, 22, '2021-11-11', '06:58:11', 1, '17:01:55', 8),
(829, 23, '2021-11-11', '06:58:11', 1, '17:01:55', 8),
(830, 24, '2021-11-11', '06:58:11', 1, '17:01:55', 8),
(831, 25, '2021-11-11', '06:58:11', 1, '17:01:55', 8),
(832, 26, '2021-11-11', '06:58:11', 1, '17:01:55', 8),
(833, 27, '2021-11-11', '06:58:11', 1, '17:01:55', 8),
(834, 28, '2021-11-11', '06:58:11', 1, '17:01:55', 8),
(835, 29, '2021-11-11', '06:58:11', 1, '17:01:55', 8),
(836, 30, '2021-11-11', '06:58:11', 1, '17:01:55', 8),
(837, 31, '2021-11-11', '06:58:11', 1, '17:01:55', 8),
(838, 1, '2021-11-12', '06:58:11', 1, '17:01:55', 8),
(839, 2, '2021-11-12', '06:58:11', 1, '17:01:55', 8),
(840, 3, '2021-11-12', '06:58:11', 1, '17:01:55', 8),
(841, 4, '2021-11-12', '06:58:11', 1, '17:01:55', 8),
(842, 5, '2021-11-12', '06:58:11', 1, '17:01:55', 8),
(843, 6, '2021-11-12', '06:58:11', 1, '17:01:55', 8),
(844, 7, '2021-11-12', '06:58:11', 1, '17:01:55', 8),
(845, 8, '2021-11-12', '06:58:11', 1, '17:01:55', 8),
(846, 9, '2021-11-12', '06:58:11', 1, '17:01:55', 8),
(847, 10, '2021-11-12', '06:58:11', 1, '17:01:55', 8),
(848, 11, '2021-11-12', '06:58:11', 1, '17:01:55', 8),
(849, 12, '2021-11-12', '06:58:11', 1, '17:01:55', 8),
(850, 13, '2021-11-12', '06:58:11', 1, '17:01:55', 8),
(851, 14, '2021-11-12', '06:58:11', 1, '17:01:55', 8),
(852, 15, '2021-11-12', '06:58:11', 1, '17:01:55', 8),
(853, 16, '2021-11-12', '06:58:11', 1, '17:01:55', 8),
(854, 17, '2021-11-12', '06:58:11', 1, '17:01:55', 8),
(855, 18, '2021-11-12', '06:58:11', 1, '17:01:55', 8),
(856, 19, '2021-11-12', '06:58:11', 1, '17:01:55', 8),
(857, 20, '2021-11-12', '06:58:11', 1, '17:01:55', 8),
(858, 21, '2021-11-12', '06:58:11', 1, '17:01:55', 8),
(859, 22, '2021-11-12', '06:58:11', 1, '17:01:55', 8),
(860, 23, '2021-11-12', '06:58:11', 1, '17:01:55', 8),
(861, 24, '2021-11-12', '06:58:11', 1, '17:01:55', 8),
(862, 25, '2021-11-12', '06:58:11', 1, '17:01:55', 8),
(863, 26, '2021-11-12', '06:58:11', 1, '17:01:55', 8),
(864, 27, '2021-11-12', '06:58:11', 1, '17:01:55', 8),
(865, 28, '2021-11-12', '06:58:11', 1, '17:01:55', 8),
(866, 29, '2021-11-12', '06:58:11', 1, '17:01:55', 8),
(867, 30, '2021-11-12', '06:58:11', 1, '17:01:55', 8),
(868, 31, '2021-11-12', '06:58:11', 1, '17:01:55', 8),
(869, 1, '2021-11-13', '06:58:11', 1, '17:01:55', 8),
(870, 2, '2021-11-13', '06:58:11', 1, '17:01:55', 8),
(871, 3, '2021-11-13', '06:58:11', 1, '17:01:55', 8),
(872, 4, '2021-11-13', '06:58:11', 1, '17:01:55', 8),
(873, 5, '2021-11-13', '06:58:11', 1, '17:01:55', 8),
(874, 6, '2021-11-13', '06:58:11', 1, '17:01:55', 8),
(875, 7, '2021-11-13', '06:58:11', 1, '17:01:55', 8),
(876, 8, '2021-11-13', '06:58:11', 1, '17:01:55', 8),
(877, 9, '2021-11-13', '06:58:11', 1, '17:01:55', 8),
(878, 10, '2021-11-13', '06:58:11', 1, '17:01:55', 8),
(879, 11, '2021-11-13', '06:58:11', 1, '17:01:55', 8),
(880, 12, '2021-11-13', '06:58:11', 1, '17:01:55', 8),
(881, 13, '2021-11-13', '06:58:11', 1, '17:01:55', 8),
(882, 14, '2021-11-13', '06:58:11', 1, '17:01:55', 8),
(883, 15, '2021-11-13', '06:58:11', 1, '17:01:55', 8),
(884, 16, '2021-11-13', '06:58:11', 1, '17:01:55', 8),
(885, 17, '2021-11-13', '06:58:11', 1, '17:01:55', 8),
(886, 18, '2021-11-13', '06:58:11', 1, '17:01:55', 8),
(887, 19, '2021-11-13', '06:58:11', 1, '17:01:55', 8),
(888, 20, '2021-11-13', '06:58:11', 1, '17:01:55', 8),
(889, 21, '2021-11-13', '06:58:11', 1, '17:01:55', 8),
(890, 22, '2021-11-13', '06:58:11', 1, '17:01:55', 8),
(891, 23, '2021-11-13', '06:58:11', 1, '17:01:55', 8),
(892, 24, '2021-11-13', '06:58:11', 1, '17:01:55', 8),
(893, 25, '2021-11-13', '06:58:11', 1, '17:01:55', 8),
(894, 26, '2021-11-13', '06:58:11', 1, '17:01:55', 8),
(895, 27, '2021-11-13', '06:58:11', 1, '17:01:55', 8),
(896, 28, '2021-11-13', '06:58:11', 1, '17:01:55', 8),
(897, 29, '2021-11-13', '06:58:11', 1, '17:01:55', 8),
(898, 30, '2021-11-13', '06:58:11', 1, '17:01:55', 8),
(899, 31, '2021-11-13', '06:58:11', 1, '17:01:55', 8),
(900, 1, '2021-11-14', '06:58:11', 1, '17:01:55', 8),
(901, 2, '2021-11-14', '06:58:11', 1, '17:01:55', 8),
(902, 3, '2021-11-14', '06:58:11', 1, '17:01:55', 8),
(903, 4, '2021-11-14', '06:58:11', 1, '17:01:55', 8),
(904, 5, '2021-11-14', '06:58:11', 1, '17:01:55', 8),
(905, 6, '2021-11-14', '06:58:11', 1, '17:01:55', 8),
(906, 7, '2021-11-14', '06:58:11', 1, '17:01:55', 8),
(907, 8, '2021-11-14', '06:58:11', 1, '17:01:55', 8),
(908, 9, '2021-11-14', '06:58:11', 1, '17:01:55', 8),
(909, 10, '2021-11-14', '06:58:11', 1, '17:01:55', 8),
(910, 11, '2021-11-14', '06:58:11', 1, '17:01:55', 8),
(911, 12, '2021-11-14', '06:58:11', 1, '17:01:55', 8),
(912, 13, '2021-11-14', '06:58:11', 1, '17:01:55', 8),
(913, 14, '2021-11-14', '06:58:11', 1, '17:01:55', 8),
(914, 15, '2021-11-14', '06:58:11', 1, '17:01:55', 8),
(915, 16, '2021-11-14', '06:58:11', 1, '17:01:55', 8),
(916, 17, '2021-11-14', '06:58:11', 1, '17:01:55', 8),
(917, 18, '2021-11-14', '06:58:11', 1, '17:01:55', 8),
(918, 19, '2021-11-14', '06:58:11', 1, '17:01:55', 8),
(919, 20, '2021-11-14', '06:58:11', 1, '17:01:55', 8),
(920, 21, '2021-11-14', '06:58:11', 1, '17:01:55', 8),
(921, 22, '2021-11-14', '06:58:11', 1, '17:01:55', 8),
(922, 23, '2021-11-14', '06:58:11', 1, '17:01:55', 8),
(923, 24, '2021-11-14', '06:58:11', 1, '17:01:55', 8),
(924, 25, '2021-11-14', '06:58:11', 1, '17:01:55', 8),
(925, 26, '2021-11-14', '06:58:11', 1, '17:01:55', 8),
(926, 27, '2021-11-14', '06:58:11', 1, '17:01:55', 8),
(927, 28, '2021-11-14', '06:58:11', 1, '17:01:55', 8),
(928, 29, '2021-11-14', '06:58:11', 1, '17:01:55', 8),
(929, 30, '2021-11-14', '06:58:11', 1, '17:01:55', 8),
(930, 31, '2021-11-14', '06:58:11', 1, '17:01:55', 8),
(931, 1, '2021-11-15', '07:58:11', 1, '17:01:55', 8),
(932, 2, '2021-11-15', '07:58:11', 1, '17:01:55', 8),
(933, 3, '2021-11-15', '07:58:11', 1, '17:01:55', 8),
(934, 4, '2021-11-15', '07:58:11', 1, '17:01:55', 8),
(935, 5, '2021-11-15', '07:58:11', 1, '17:01:55', 8),
(936, 6, '2021-11-15', '07:58:11', 1, '17:01:55', 8),
(937, 7, '2021-11-15', '07:58:11', 1, '17:01:55', 8),
(938, 8, '2021-11-15', '07:58:11', 1, '17:01:55', 8),
(939, 9, '2021-11-15', '07:58:11', 1, '17:01:55', 8),
(940, 10, '2021-11-15', '07:58:11', 1, '17:01:55', 8),
(941, 11, '2021-11-15', '07:58:11', 1, '17:01:55', 8),
(942, 12, '2021-11-15', '07:58:11', 1, '17:01:55', 8),
(943, 13, '2021-11-15', '07:58:11', 1, '17:01:55', 8),
(944, 14, '2021-11-15', '07:58:11', 1, '17:01:55', 8),
(945, 15, '2021-11-15', '07:58:11', 1, '17:01:55', 8),
(946, 16, '2021-11-15', '07:58:11', 1, '17:01:55', 8),
(947, 17, '2021-11-15', '07:58:11', 1, '17:01:55', 8),
(948, 18, '2021-11-15', '07:58:11', 1, '17:01:55', 8);
INSERT INTO `attendance` (`id`, `employee_id`, `date`, `time_in`, `status`, `time_out`, `num_hr`) VALUES
(949, 19, '2021-11-15', '07:58:11', 1, '17:01:55', 8),
(950, 20, '2021-11-15', '07:58:11', 1, '17:01:55', 8),
(951, 21, '2021-11-15', '07:58:11', 1, '17:01:55', 8),
(952, 22, '2021-11-15', '07:58:11', 1, '17:01:55', 8),
(953, 23, '2021-11-15', '07:58:11', 1, '17:01:55', 8),
(954, 24, '2021-11-15', '07:58:11', 1, '17:01:55', 8),
(955, 25, '2021-11-15', '07:58:11', 1, '17:01:55', 8),
(956, 26, '2021-11-15', '07:58:11', 1, '17:01:55', 8),
(957, 27, '2021-11-15', '07:58:11', 1, '17:01:55', 8),
(958, 28, '2021-11-15', '07:58:11', 1, '17:01:55', 8),
(959, 29, '2021-11-15', '07:58:11', 1, '17:01:55', 8),
(960, 30, '2021-11-15', '07:58:11', 1, '17:01:55', 8),
(961, 31, '2021-11-15', '07:58:11', 1, '17:01:55', 8),
(962, 1, '2021-11-15', '07:58:11', 1, '17:01:55', 8),
(963, 2, '2021-11-16', '06:58:11', 1, '17:01:55', 8),
(964, 3, '2021-11-16', '06:58:11', 1, '17:01:55', 8),
(965, 4, '2021-11-16', '06:58:11', 1, '17:01:55', 8),
(966, 5, '2021-11-16', '06:58:11', 1, '17:01:55', 8),
(967, 6, '2021-11-16', '06:58:11', 1, '17:01:55', 8),
(968, 7, '2021-11-16', '06:58:11', 1, '17:01:55', 8),
(969, 8, '2021-11-16', '06:58:11', 1, '17:01:55', 8),
(970, 9, '2021-11-16', '06:58:11', 1, '17:01:55', 8),
(971, 10, '2021-11-16', '06:58:11', 1, '17:01:55', 8),
(972, 11, '2021-11-16', '06:58:11', 1, '17:01:55', 8),
(973, 12, '2021-11-16', '06:58:11', 1, '17:01:55', 8),
(974, 13, '2021-11-16', '06:58:11', 1, '17:01:55', 8),
(975, 14, '2021-11-16', '06:58:11', 1, '17:01:55', 8),
(976, 15, '2021-11-16', '06:58:11', 1, '17:01:55', 8),
(977, 16, '2021-11-16', '06:58:11', 1, '17:01:55', 8),
(978, 17, '2021-11-16', '06:58:11', 1, '17:01:55', 8),
(979, 18, '2021-11-16', '06:58:11', 1, '17:01:55', 8),
(980, 19, '2021-11-16', '06:58:11', 1, '17:01:55', 8),
(981, 20, '2021-11-16', '06:58:11', 1, '17:01:55', 8),
(982, 21, '2021-11-16', '06:58:11', 1, '17:01:55', 8),
(983, 22, '2021-11-16', '06:58:11', 1, '17:01:55', 8),
(984, 23, '2021-11-16', '06:58:11', 1, '17:01:55', 8),
(985, 24, '2021-11-16', '06:58:11', 1, '17:01:55', 8),
(986, 25, '2021-11-16', '06:58:11', 1, '17:01:55', 8),
(987, 26, '2021-11-16', '06:58:11', 1, '17:01:55', 8),
(988, 27, '2021-11-16', '06:58:11', 1, '17:01:55', 8),
(989, 28, '2021-11-16', '06:58:11', 1, '17:01:55', 8),
(990, 29, '2021-11-16', '06:58:11', 1, '17:01:55', 8),
(991, 30, '2021-11-16', '06:58:11', 1, '17:01:55', 8),
(992, 31, '2021-11-16', '06:58:11', 1, '17:01:55', 8),
(993, 1, '2021-11-17', '06:58:11', 1, '17:01:55', 8),
(994, 2, '2021-11-17', '06:58:11', 1, '17:01:55', 8),
(995, 3, '2021-11-17', '06:58:11', 1, '17:01:55', 8),
(996, 4, '2021-11-17', '06:58:11', 1, '17:01:55', 8),
(997, 5, '2021-11-17', '06:58:11', 1, '17:01:55', 8),
(998, 6, '2021-11-17', '06:58:11', 1, '17:01:55', 8),
(999, 7, '2021-11-17', '06:58:11', 1, '17:01:55', 8),
(1000, 8, '2021-11-17', '06:58:11', 1, '17:01:55', 8),
(1001, 9, '2021-11-17', '06:58:11', 1, '17:01:55', 8),
(1002, 10, '2021-11-17', '06:58:11', 1, '17:01:55', 8),
(1003, 11, '2021-11-17', '06:58:11', 1, '17:01:55', 8),
(1004, 12, '2021-11-17', '06:58:11', 1, '17:01:55', 8),
(1005, 13, '2021-11-17', '06:58:11', 1, '17:01:55', 8),
(1006, 14, '2021-11-17', '06:58:11', 1, '17:01:55', 8),
(1007, 15, '2021-11-17', '06:58:11', 1, '17:01:55', 8),
(1008, 16, '2021-11-17', '06:58:11', 1, '17:01:55', 8),
(1009, 17, '2021-11-17', '06:58:11', 1, '17:01:55', 8),
(1010, 18, '2021-11-17', '06:58:11', 1, '17:01:55', 8),
(1011, 19, '2021-11-17', '06:58:11', 1, '17:01:55', 8),
(1012, 20, '2021-11-17', '06:58:11', 1, '17:01:55', 8),
(1013, 21, '2021-11-17', '06:58:11', 1, '17:01:55', 8),
(1014, 22, '2021-11-17', '06:58:11', 1, '17:01:55', 8),
(1015, 23, '2021-11-17', '06:58:11', 1, '17:01:55', 8),
(1016, 24, '2021-11-17', '06:58:11', 1, '17:01:55', 8),
(1017, 25, '2021-11-17', '06:58:11', 1, '17:01:55', 8),
(1018, 26, '2021-11-17', '06:58:11', 1, '17:01:55', 8),
(1019, 27, '2021-11-17', '06:58:11', 1, '17:01:55', 8),
(1020, 28, '2021-11-17', '06:58:11', 1, '17:01:55', 8),
(1021, 29, '2021-11-17', '06:58:11', 1, '17:01:55', 8),
(1022, 30, '2021-11-17', '06:58:11', 1, '17:01:55', 8),
(1023, 31, '2021-11-17', '06:58:11', 1, '17:01:55', 8),
(1024, 1, '2021-11-18', '15:49:25', 0, '16:01:47', 0.2),
(1025, 2, '2021-11-18', '15:49:46', 0, '00:00:00', 0),
(1026, 3, '2021-11-18', '15:49:58', 0, '00:00:00', 0),
(1027, 4, '2021-11-18', '15:50:06', 0, '00:00:00', 0),
(1028, 5, '2021-11-18', '15:50:16', 0, '00:00:00', 0),
(1029, 6, '2021-11-18', '15:50:27', 0, '00:00:00', 0),
(1030, 7, '2021-11-18', '15:50:43', 0, '00:00:00', 0),
(1031, 8, '2021-11-18', '15:50:55', 0, '00:00:00', 0),
(1032, 9, '2021-11-18', '15:51:05', 0, '00:00:00', 0),
(1033, 10, '2021-11-18', '15:51:20', 0, '00:00:00', 0),
(1034, 11, '2021-11-18', '15:51:37', 0, '00:00:00', 0),
(1035, 12, '2021-11-18', '15:51:47', 0, '00:00:00', 0),
(1036, 13, '2021-11-18', '15:51:58', 0, '00:00:00', 0),
(1037, 14, '2021-11-18', '15:52:07', 0, '00:00:00', 0),
(1038, 15, '2021-11-18', '15:52:48', 0, '00:00:00', 0),
(1039, 16, '2021-11-18', '15:53:03', 0, '00:00:00', 0),
(1040, 17, '2021-11-18', '15:53:12', 0, '00:00:00', 0),
(1041, 18, '2021-11-18', '15:53:22', 0, '00:00:00', 0),
(1042, 19, '2021-11-18', '15:53:36', 0, '00:00:00', 0),
(1043, 20, '2021-11-18', '15:54:08', 0, '00:00:00', 0),
(1044, 21, '2021-11-18', '15:54:48', 0, '00:00:00', 0),
(1045, 22, '2021-11-18', '15:55:18', 0, '00:00:00', 0),
(1046, 23, '2021-11-18', '15:55:20', 0, '00:00:00', 0),
(1047, 24, '2021-11-18', '15:55:29', 0, '00:00:00', 0),
(1048, 25, '2021-11-18', '15:55:38', 0, '00:00:00', 0),
(1049, 26, '2021-11-18', '15:55:56', 0, '00:00:00', 0),
(1050, 27, '2021-11-18', '15:56:04', 0, '00:00:00', 0),
(1051, 28, '2021-11-18', '15:56:11', 0, '00:00:00', 0),
(1052, 29, '2021-11-18', '15:56:59', 0, '00:00:00', 0),
(1053, 30, '2021-11-18', '15:57:07', 0, '00:00:00', 0),
(1054, 31, '2021-11-18', '15:57:17', 0, '00:00:00', 0);

-- --------------------------------------------------------

--
-- Cấu trúc bảng cho bảng `cashadvance`
--

CREATE TABLE `cashadvance` (
  `id` int(11) NOT NULL,
  `date_advance` date NOT NULL,
  `employee_id` varchar(15) NOT NULL,
  `amount` double NOT NULL
) ENGINE=InnoDB DEFAULT CHARSET=latin1;

--
-- Đang đổ dữ liệu cho bảng `cashadvance`
--

INSERT INTO `cashadvance` (`id`, `date_advance`, `employee_id`, `amount`) VALUES
(3, '2021-11-17', '1', 100),
(4, '2021-11-18', '5', 3500);

-- --------------------------------------------------------

--
-- Cấu trúc bảng cho bảng `deductions`
--

CREATE TABLE `deductions` (
  `id` int(11) NOT NULL,
  `description` varchar(100) NOT NULL,
  `amount` double NOT NULL
) ENGINE=InnoDB DEFAULT CHARSET=latin1;

--
-- Đang đổ dữ liệu cho bảng `deductions`
--

INSERT INTO `deductions` (`id`, `description`, `amount`) VALUES
(1, 'Health insurance', 100),
(2, 'Personal income', 50),
(3, 'Accident insurance', 100),
(4, 'Project Issues', 50);

-- --------------------------------------------------------

--
-- Cấu trúc bảng cho bảng `employees`
--

CREATE TABLE `employees` (
  `id` int(11) NOT NULL,
  `employee_id` varchar(15) NOT NULL,
  `firstname` varchar(50) NOT NULL,
  `lastname` varchar(50) NOT NULL,
  `address` text NOT NULL,
  `birthdate` date NOT NULL,
  `contact_info` varchar(100) NOT NULL,
  `gender` varchar(10) NOT NULL,
  `position_id` int(11) NOT NULL,
  `schedule_id` int(11) NOT NULL,
  `photo` varchar(200) NOT NULL,
  `created_on` date NOT NULL
) ENGINE=InnoDB DEFAULT CHARSET=latin1;

--
-- Đang đổ dữ liệu cho bảng `employees`
--

INSERT INTO `employees` (`id`, `employee_id`, `firstname`, `lastname`, `address`, `birthdate`, `contact_info`, `gender`, `position_id`, `schedule_id`, `photo`, `created_on`) VALUES
(1, 'ABC123456789', 'Phung ', 'Ly', 'Phu Tho', '2001-02-16', '', 'Female', 2, 2, 'girl8.jpg', '2021-11-08'),
(2, 'AVQ301224121', 'Manh', 'Quan', 'Hue', '1995-09-24', 'xxx', 'Male', 2, 2, 'cat1.jpg', '2021-11-17'),
(3, 'DYE473869250', 'Julyn', 'Divinagracia', 'E.B. Magalona', '1992-05-02', '09123456789', 'Female', 2, 2, '', '2021-11-13'),
(4, 'JIE625973480', 'Gemalyn', 'Cepe', 'Carmen, Bohol', '1995-10-02', '09468029840', 'Female', 2, 3, '', '2021-11-13'),
(5, 'TQO238109674', 'Bruno', 'Den', 'Test', '1995-08-23', '5454578965', 'Male', 1, 2, 'thanossmile.jpg', '2021-11-13'),
(6, 'EDQ203874591', 'Henry', 'Doe', 'New St. Esp', '1991-07-25', '9876543210', 'Male', 2, 4, 'male.png', '2021-11-13'),
(7, 'TWY781946302', 'Johnny', 'Jr', 'Esp', '1995-07-11', '8467067344', 'Male', 1, 2, 'profile.jpg', '2021-11-13'),
(8, 'GWZ071342865', 'Tonny', 'Jr', 'Esp 12 South Street', '1994-07-19', '9876543210', 'Male', 1, 2, 'profile.jpg', '2021-11-13'),
(9, 'HEL079321846', 'Jacob', 'Carter', 'St12 N1', '1995-07-18', '5454578965', 'Male', 1, 2, 'profile.jpg', '2021-11-13'),
(10, 'OCN273564901', 'Benjamin', 'Cohen', 'TEST', '1991-07-25', '78548852145', 'Male', 2, 3, 'profile.jpg', '2021-11-13'),
(11, 'PGX413705682', 'Ethan', 'Carson', 'DEMO', '1994-07-19', '8467067344', 'Male', 1, 2, 'profile.jpg', '2021-11-13'),
(12, 'YWX536478912', 'Daniel', 'Cooper', 'Test', '1995-07-11', '9876543210', 'Male', 2, 4, 'profile.jpg', '2021-11-13'),
(13, 'ALB590623481', 'Emma', 'Wallis', 'Test', '1994-07-19', '9632145655', 'Female', 1, 3, 'female4.jpg', '2021-11-13'),
(14, 'IOV153842976', 'Sophia', 'Maguire', 'Test', '1995-07-11', '5454578965', 'Female', 2, 2, 'profile.jpg', '2021-11-13'),
(15, 'CAB835624170', 'Mia', 'Hollister', 'Test', '1995-07-18', '9632145655', 'Female', 2, 3, 'profile.jpg', '2021-11-13'),
(16, 'MGZ312906745', 'Emily', 'JK', 'Test', '1996-07-24', '9876543210', 'Female', 2, 3, 'profile.jpg', '2021-11-13'),
(17, 'HSP067892134', 'Nakia', 'Grey', 'Test', '1995-10-24', '8467067344', 'Female', 1, 2, 'profile.jpg', '2021-11-13'),
(18, 'BVH081749563', 'Dave', 'Cruze', 'Demo', '1990-01-02', '5454578965', 'Male', 2, 2, 'flower2.jpg', '2021-11-13'),
(19, 'ZTC714069832', 'Logan', 'Paul', 'Esp 16', '1994-12-30', '0202121255', 'Male', 1, 1, 'profile.jpg', '2021-11-13'),
(20, 'VFT157620348', 'Jack', 'Adler', 'Test', '1991-07-25', '6545698880', 'Male', 1, 4, 'profile.jpg', '2021-11-13'),
(21, 'XRF342608719', 'Mason', 'Beckett', 'Demo', '1996-07-24', '8467067344', 'Male', 2, 1, 'profile.jpg', '2021-11-13'),
(22, 'LVO541238690', 'Lucas', 'Cooper', 'Demo', '1995-07-18', '9632145655', 'Male', 2, 1, 'profile.jpg', '2021-11-13'),
(23, 'AEI036154829', 'Alex', 'Cohen', 'Demo', '1995-08-23', '9632145655', 'Male', 1, 2, 'cat5.jpg', '2021-11-13'),
(24, 'EKS183702645', 'Phuong', 'Nam', 'Cau Giay\r\nPham Van Dong,Mai Dich', '2001-12-08', '', 'Female', 3, 4, '16e464c0cab9851c52eed6688889bc25.jpg', '2021-11-13'),
(25, 'XBY970824136', 'Phung', 'Ly', 'Cau Giay\r\nPham Van Dong,Mai Dich', '2001-02-16', '0367673', 'Female', 2, 1, 'original (6).jpg', '2021-11-13'),
(26, 'AVY301224121', 'Phuong', 'Thao', 'Ha Noi-VietNam', '2001-10-21', '', 'Female', 2, 1, 'girl1.jpg', '2021-11-13'),
(27, 'RMS014526973', 'Phuong', 'Thao', 'Ha Noi', '2001-10-21', 'xxxxxxx', 'Female', 2, 1, '@_marryz profile on Instagram • 118 posts.jpg', '2021-11-13'),
(28, 'AXQ301224121', 'Hong', 'Ha', 'Nam Dinh', '1997-08-25', '', 'Female', 2, 2, 'girl3.jpg', '2021-11-17'),
(29, 'AVQ301224122', 'Ha', 'Huy', 'Nghe An', '1999-10-28', '', 'Male', 4, 3, 'male2.jpg', '2021-11-17'),
(30, 'ACE123456789', 'Kim', 'Taehyung', 'Daegu,Korea', '1995-12-30', '', 'Male', 2, 2, 'V4.jpg', '2021-11-17'),
(31, 'AAB123456789', 'Phuong', 'Nam', 'Nam Dinh', '2001-12-08', '', 'Female', 3, 3, 'girl24.jpg', '2021-11-04');

-- --------------------------------------------------------

--
-- Cấu trúc bảng cho bảng `overtime`
--

CREATE TABLE `overtime` (
  `id` int(11) NOT NULL,
  `employee_id` varchar(15) NOT NULL,
  `hours` double NOT NULL,
  `rate` double NOT NULL,
  `date_overtime` date NOT NULL
) ENGINE=InnoDB DEFAULT CHARSET=latin1;

--
-- Đang đổ dữ liệu cho bảng `overtime`
--

INSERT INTO `overtime` (`id`, `employee_id`, `hours`, `rate`, `date_overtime`) VALUES
(4, '6', 240, 1500, '2021-11-08'),
(5, '4', 283.33333333333, 3600, '2021-11-08');

-- --------------------------------------------------------

--
-- Cấu trúc bảng cho bảng `position`
--

CREATE TABLE `position` (
  `id` int(11) NOT NULL,
  `description` varchar(150) NOT NULL,
  `rate` double NOT NULL
) ENGINE=InnoDB DEFAULT CHARSET=latin1;

--
-- Đang đổ dữ liệu cho bảng `position`
--

INSERT INTO `position` (`id`, `description`, `rate`) VALUES
(1, 'Programmer', 100),
(2, 'Writer', 50),
(3, 'Marketing ', 35),
(4, 'Graphic Designer', 75);

-- --------------------------------------------------------

--
-- Cấu trúc bảng cho bảng `schedules`
--

CREATE TABLE `schedules` (
  `id` int(11) NOT NULL,
  `time_in` time NOT NULL,
  `time_out` time NOT NULL
) ENGINE=InnoDB DEFAULT CHARSET=latin1;

--
-- Đang đổ dữ liệu cho bảng `schedules`
--

INSERT INTO `schedules` (`id`, `time_in`, `time_out`) VALUES
(1, '07:00:00', '16:00:00'),
(2, '08:00:00', '17:00:00'),
(3, '09:00:00', '18:00:00'),
(4, '10:00:00', '19:00:00');

--
-- Chỉ mục cho các bảng đã đổ
--

--
-- Chỉ mục cho bảng `admin`
--
ALTER TABLE `admin`
  ADD PRIMARY KEY (`id`);

--
-- Chỉ mục cho bảng `attendance`
--
ALTER TABLE `attendance`
  ADD PRIMARY KEY (`id`);

--
-- Chỉ mục cho bảng `cashadvance`
--
ALTER TABLE `cashadvance`
  ADD PRIMARY KEY (`id`);

--
-- Chỉ mục cho bảng `deductions`
--
ALTER TABLE `deductions`
  ADD PRIMARY KEY (`id`);

--
-- Chỉ mục cho bảng `employees`
--
ALTER TABLE `employees`
  ADD PRIMARY KEY (`id`);

--
-- Chỉ mục cho bảng `overtime`
--
ALTER TABLE `overtime`
  ADD PRIMARY KEY (`id`);

--
-- Chỉ mục cho bảng `position`
--
ALTER TABLE `position`
  ADD PRIMARY KEY (`id`);

--
-- Chỉ mục cho bảng `schedules`
--
ALTER TABLE `schedules`
  ADD PRIMARY KEY (`id`);

--
-- AUTO_INCREMENT cho các bảng đã đổ
--

--
-- AUTO_INCREMENT cho bảng `admin`
--
ALTER TABLE `admin`
  MODIFY `id` int(11) NOT NULL AUTO_INCREMENT, AUTO_INCREMENT=5;

--
-- AUTO_INCREMENT cho bảng `attendance`
--
ALTER TABLE `attendance`
  MODIFY `id` int(11) NOT NULL AUTO_INCREMENT, AUTO_INCREMENT=1055;

--
-- AUTO_INCREMENT cho bảng `cashadvance`
--
ALTER TABLE `cashadvance`
  MODIFY `id` int(11) NOT NULL AUTO_INCREMENT, AUTO_INCREMENT=5;

--
-- AUTO_INCREMENT cho bảng `deductions`
--
ALTER TABLE `deductions`
  MODIFY `id` int(11) NOT NULL AUTO_INCREMENT, AUTO_INCREMENT=5;

--
-- AUTO_INCREMENT cho bảng `employees`
--
ALTER TABLE `employees`
  MODIFY `id` int(11) NOT NULL AUTO_INCREMENT, AUTO_INCREMENT=32;

--
-- AUTO_INCREMENT cho bảng `overtime`
--
ALTER TABLE `overtime`
  MODIFY `id` int(11) NOT NULL AUTO_INCREMENT, AUTO_INCREMENT=6;

--
-- AUTO_INCREMENT cho bảng `position`
--
ALTER TABLE `position`
  MODIFY `id` int(11) NOT NULL AUTO_INCREMENT, AUTO_INCREMENT=5;

--
-- AUTO_INCREMENT cho bảng `schedules`
--
ALTER TABLE `schedules`
  MODIFY `id` int(11) NOT NULL AUTO_INCREMENT, AUTO_INCREMENT=5;
COMMIT;

/*!40101 SET CHARACTER_SET_CLIENT=@OLD_CHARACTER_SET_CLIENT */;
/*!40101 SET CHARACTER_SET_RESULTS=@OLD_CHARACTER_SET_RESULTS */;
/*!40101 SET COLLATION_CONNECTION=@OLD_COLLATION_CONNECTION */;
