-- phpMyAdmin SQL Dump
-- version 5.1.1
-- https://www.phpmyadmin.net/
--
-- Máy chủ: 127.0.0.1
-- Thời gian đã tạo: Th10 19, 2021 lúc 03:37 PM
-- Phiên bản máy phục vụ: 10.4.21-MariaDB
-- Phiên bản PHP: 8.0.12

SET SQL_MODE = "NO_AUTO_VALUE_ON_ZERO";
START TRANSACTION;
SET time_zone = "+00:00";


/*!40101 SET @OLD_CHARACTER_SET_CLIENT=@@CHARACTER_SET_CLIENT */;
/*!40101 SET @OLD_CHARACTER_SET_RESULTS=@@CHARACTER_SET_RESULTS */;
/*!40101 SET @OLD_COLLATION_CONNECTION=@@COLLATION_CONNECTION */;
/*!40101 SET NAMES utf8mb4 */;

--
-- Cơ sở dữ liệu: `lynamdb`
--

-- --------------------------------------------------------

--
-- Cấu trúc bảng cho bảng `admin`
--

CREATE TABLE `admin` (
  `id` int(11) NOT NULL,
  `username` varchar(30) NOT NULL,
  `password` varchar(60) NOT NULL,
  `firstname` varchar(50) NOT NULL,
  `lastname` varchar(50) NOT NULL,
  `photo` varchar(200) NOT NULL,
  `created_on` date NOT NULL
) ENGINE=InnoDB DEFAULT CHARSET=latin1;

--
-- Đang đổ dữ liệu cho bảng `admin`
--

INSERT INTO `admin` (`id`, `username`, `password`, `firstname`, `lastname`, `photo`, `created_on`) VALUES
(1, 'ly3012', '123456', 'Phung', 'Ly', 'girl8.jpg', '2021-11-03'),
(2, 'phuongnam', '123456', 'Namy', 'Hordan', 'Namy.jpg', '2021-11-03');

-- --------------------------------------------------------

--
-- Cấu trúc bảng cho bảng `attendance`
--

CREATE TABLE `attendance` (
  `id` int(11) NOT NULL,
  `employee_id` int(11) NOT NULL,
  `date` date NOT NULL,
  `time_in` time NOT NULL,
  `status` int(1) NOT NULL,
  `time_out` time NOT NULL,
  `num_hr` double NOT NULL
) ENGINE=InnoDB DEFAULT CHARSET=latin1;

--
-- Đang đổ dữ liệu cho bảng `attendance`
--

INSERT INTO `attendance` (`id`, `employee_id`, `date`, `time_in`, `status`, `time_out`, `num_hr`) VALUES
(1, 1, '2021-10-16', '08:00:00', 1, '17:00:00', 9),
(2, 2, '2021-10-16', '08:00:00', 1, '17:00:00', 9),
(3, 3, '2021-10-16', '08:00:00', 1, '17:00:00', 9),
(4, 4, '2021-10-16', '09:00:00', 1, '18:00:00', 9),
(5, 5, '2021-10-16', '08:00:00', 1, '17:00:00', 9),
(6, 6, '2021-10-16', '10:00:00', 1, '19:00:00', 9),
(7, 7, '2021-10-16', '08:00:00', 1, '17:00:00', 9),
(8, 8, '2021-10-16', '08:00:00', 1, '17:00:00', 9),
(9, 9, '2021-10-16', '08:00:00', 1, '17:00:00', 9),
(10, 10, '2021-10-16', '09:00:00', 1, '18:00:00', 9),
(11, 11, '2021-10-16', '08:00:00', 1, '17:00:00', 9),
(12, 12, '2021-10-16', '10:00:00', 1, '19:00:00', 9),
(13, 13, '2021-10-16', '09:00:00', 1, '18:00:00', 9),
(14, 14, '2021-10-16', '08:00:00', 1, '17:00:00', 9),
(15, 15, '2021-10-16', '09:00:00', 1, '18:00:00', 9),
(16, 16, '2021-10-16', '09:00:00', 1, '18:00:00', 9),
(17, 17, '2021-10-16', '08:00:00', 1, '17:00:00', 9),
(18, 18, '2021-10-16', '08:00:00', 1, '17:00:00', 9),
(19, 19, '2021-10-16', '07:00:00', 1, '16:00:00', 9),
(20, 20, '2021-10-16', '10:00:00', 1, '19:00:00', 9),
(21, 21, '2021-10-16', '07:00:00', 1, '16:00:00', 9),
(22, 22, '2021-10-16', '07:00:00', 1, '16:00:00', 9),
(23, 23, '2021-10-16', '08:00:00', 1, '17:00:00', 9),
(24, 24, '2021-10-16', '10:00:00', 1, '19:00:00', 9),
(25, 25, '2021-10-16', '07:00:00', 1, '16:00:00', 9),
(26, 26, '2021-10-16', '07:00:00', 1, '16:00:00', 9),
(27, 27, '2021-10-16', '07:00:00', 1, '16:00:00', 9),
(28, 28, '2021-10-16', '08:00:00', 1, '17:00:00', 9),
(29, 29, '2021-10-16', '09:00:00', 1, '18:00:00', 9),
(30, 30, '2021-10-16', '08:00:00', 1, '17:00:00', 9),
(31, 31, '2021-10-16', '09:00:00', 1, '18:00:00', 9),
(32, 1, '2021-10-17', '08:00:00', 1, '17:00:00', 9),
(33, 2, '2021-10-17', '08:00:00', 1, '17:00:00', 9),
(34, 3, '2021-10-17', '08:00:00', 1, '17:00:00', 9),
(35, 4, '2021-10-17', '09:00:00', 1, '18:00:00', 9),
(36, 5, '2021-10-17', '08:00:00', 1, '17:00:00', 9),
(37, 6, '2021-10-17', '10:00:00', 1, '19:00:00', 9),
(38, 7, '2021-10-17', '08:00:00', 1, '17:00:00', 9),
(39, 8, '2021-10-17', '08:00:00', 1, '17:00:00', 9),
(40, 9, '2021-10-17', '08:00:00', 1, '17:00:00', 9),
(41, 10, '2021-10-17', '09:00:00', 1, '18:00:00', 9),
(42, 11, '2021-10-17', '08:00:00', 1, '17:00:00', 9),
(43, 12, '2021-10-17', '10:00:00', 1, '19:00:00', 9),
(44, 13, '2021-10-17', '09:00:00', 1, '18:00:00', 9),
(45, 14, '2021-10-17', '08:00:00', 1, '17:00:00', 9),
(46, 15, '2021-10-17', '09:00:00', 1, '18:00:00', 9),
(47, 16, '2021-10-17', '09:00:00', 1, '18:00:00', 9),
(48, 17, '2021-10-17', '08:00:00', 1, '17:00:00', 9),
(49, 18, '2021-10-17', '08:00:00', 1, '17:00:00', 9),
(51, 19, '2021-10-17', '07:00:00', 1, '16:00:00', 9),
(52, 20, '2021-10-17', '10:00:00', 1, '19:00:00', 9),
(53, 21, '2021-10-17', '07:00:00', 1, '16:00:00', 9),
(54, 22, '2021-10-17', '07:00:00', 1, '16:00:00', 9),
(55, 23, '2021-10-17', '08:00:00', 1, '17:00:00', 9),
(56, 24, '2021-10-17', '10:00:00', 1, '19:00:00', 9),
(57, 25, '2021-10-17', '07:00:00', 1, '16:00:00', 9),
(58, 26, '2021-10-17', '07:00:00', 1, '16:00:00', 9),
(59, 27, '2021-10-17', '07:00:00', 1, '16:00:00', 9),
(60, 28, '2021-10-17', '08:00:00', 1, '17:00:00', 9),
(61, 29, '2021-10-17', '09:00:00', 1, '18:00:00', 9),
(62, 30, '2021-10-17', '08:00:00', 1, '17:00:00', 9),
(63, 31, '2021-10-17', '09:00:00', 1, '18:00:00', 9),
(64, 1, '2021-10-18', '08:00:00', 1, '17:00:00', 9),
(65, 2, '2021-10-18', '08:00:00', 1, '17:00:00', 9),
(66, 3, '2021-10-18', '08:00:00', 1, '17:00:00', 9),
(67, 4, '2021-10-18', '09:00:00', 1, '18:00:00', 9),
(68, 5, '2021-10-18', '08:00:00', 1, '17:00:00', 9),
(69, 6, '2021-10-18', '10:00:00', 1, '19:00:00', 9),
(70, 9, '2021-10-18', '08:00:00', 1, '17:00:00', 9),
(71, 10, '2021-10-18', '09:00:00', 1, '18:00:00', 9),
(72, 11, '2021-10-18', '08:00:00', 1, '17:00:00', 9),
(73, 12, '2021-10-18', '10:00:00', 1, '19:00:00', 9),
(74, 13, '2021-10-18', '09:00:00', 1, '18:00:00', 9),
(75, 14, '2021-10-18', '08:00:00', 1, '17:00:00', 9),
(76, 15, '2021-10-18', '09:00:00', 1, '18:00:00', 9),
(77, 16, '2021-10-18', '09:00:00', 1, '18:00:00', 9),
(78, 17, '2021-10-18', '08:00:00', 1, '17:00:00', 9),
(79, 18, '2021-10-18', '08:00:00', 1, '17:00:00', 9),
(80, 19, '2021-10-18', '07:00:00', 1, '16:00:00', 9),
(81, 20, '2021-10-18', '10:00:00', 1, '19:00:00', 9),
(82, 21, '2021-10-18', '07:00:00', 1, '16:00:00', 9),
(83, 22, '2021-10-18', '07:00:00', 1, '16:00:00', 9),
(84, 23, '2021-10-18', '08:00:00', 1, '17:00:00', 9),
(85, 24, '2021-10-18', '10:00:00', 1, '19:00:00', 9),
(86, 25, '2021-10-18', '07:00:00', 1, '16:00:00', 9),
(87, 26, '2021-10-18', '07:00:00', 1, '16:00:00', 9),
(88, 27, '2021-10-18', '07:00:00', 1, '16:00:00', 9),
(89, 28, '2021-10-18', '08:00:00', 1, '17:00:00', 9),
(90, 29, '2021-10-18', '09:00:00', 1, '18:00:00', 9),
(91, 30, '2021-10-18', '08:00:00', 1, '17:00:00', 9),
(92, 31, '2021-10-18', '09:00:00', 1, '18:00:00', 9),
(93, 1, '2021-10-19', '08:00:00', 1, '17:00:00', 9),
(94, 2, '2021-10-19', '08:00:00', 1, '17:00:00', 9),
(95, 3, '2021-10-19', '08:00:00', 1, '17:00:00', 9),
(96, 4, '2021-10-19', '09:00:00', 1, '18:00:00', 9),
(97, 5, '2021-10-19', '08:00:00', 1, '17:00:00', 9),
(98, 6, '2021-10-19', '10:00:00', 1, '19:00:00', 9),
(99, 7, '2021-10-19', '08:00:00', 1, '17:00:00', 9),
(100, 8, '2021-10-19', '08:00:00', 1, '17:00:00', 9),
(101, 9, '2021-10-19', '08:00:00', 1, '17:00:00', 9),
(102, 10, '2021-10-19', '09:00:00', 1, '18:00:00', 9),
(103, 11, '2021-10-19', '08:00:00', 1, '17:00:00', 9),
(104, 12, '2021-10-19', '10:00:00', 1, '19:00:00', 9),
(105, 13, '2021-10-19', '09:00:00', 1, '18:00:00', 9),
(106, 14, '2021-10-19', '08:00:00', 1, '17:00:00', 9),
(107, 15, '2021-10-19', '09:00:00', 1, '18:00:00', 9),
(108, 16, '2021-10-19', '09:00:00', 1, '18:00:00', 9),
(109, 17, '2021-10-19', '08:00:00', 1, '17:00:00', 9),
(110, 18, '2021-10-19', '08:00:00', 1, '17:00:00', 9),
(111, 19, '2021-10-19', '07:00:00', 1, '16:00:00', 9),
(112, 20, '2021-10-19', '10:00:00', 1, '19:00:00', 9),
(113, 21, '2021-10-19', '07:00:00', 1, '16:00:00', 9),
(114, 22, '2021-10-19', '07:00:00', 1, '16:00:00', 9),
(115, 23, '2021-10-19', '08:00:00', 1, '17:00:00', 9),
(116, 24, '2021-10-19', '10:00:00', 1, '19:00:00', 9),
(117, 25, '2021-10-19', '07:00:00', 1, '16:00:00', 9),
(118, 26, '2021-10-19', '07:00:00', 1, '16:00:00', 9),
(119, 27, '2021-10-19', '07:00:00', 1, '16:00:00', 9),
(120, 28, '2021-10-19', '08:00:00', 1, '17:00:00', 9),
(121, 29, '2021-10-19', '09:00:00', 1, '18:00:00', 9),
(122, 30, '2021-10-19', '08:00:00', 1, '17:00:00', 9),
(123, 31, '2021-10-19', '09:00:00', 1, '18:00:00', 9),
(124, 1, '2021-10-20', '08:00:00', 1, '17:00:00', 9),
(125, 2, '2021-10-20', '08:00:00', 1, '17:00:00', 9),
(126, 3, '2021-10-20', '08:00:00', 1, '17:00:00', 9),
(127, 4, '2021-10-20', '09:00:00', 1, '18:00:00', 9),
(128, 5, '2021-10-20', '08:00:00', 1, '17:00:00', 9),
(129, 6, '2021-10-20', '10:00:00', 1, '19:00:00', 9),
(130, 7, '2021-10-20', '08:00:00', 1, '17:00:00', 9),
(131, 8, '2021-10-20', '08:00:00', 1, '17:00:00', 9),
(132, 9, '2021-10-20', '08:00:00', 1, '17:00:00', 9),
(133, 10, '2021-10-20', '09:00:00', 1, '18:00:00', 9),
(134, 11, '2021-10-20', '08:00:00', 1, '17:00:00', 9),
(135, 12, '2021-10-20', '10:00:00', 1, '19:00:00', 9),
(136, 13, '2021-10-20', '09:00:00', 1, '18:00:00', 9),
(137, 14, '2021-10-20', '08:00:00', 1, '17:00:00', 9),
(138, 15, '2021-10-20', '09:00:00', 1, '18:00:00', 9),
(139, 16, '2021-10-20', '09:00:00', 1, '18:00:00', 9),
(140, 17, '2021-10-20', '08:00:00', 1, '17:00:00', 9),
(141, 18, '2021-10-20', '08:00:00', 1, '17:00:00', 9),
(142, 19, '2021-10-20', '07:00:00', 1, '16:00:00', 9),
(143, 20, '2021-10-20', '10:00:00', 1, '19:00:00', 9),
(144, 21, '2021-10-20', '07:00:00', 1, '16:00:00', 9),
(145, 22, '2021-10-20', '07:00:00', 1, '16:00:00', 9),
(146, 23, '2021-10-20', '08:00:00', 1, '17:00:00', 9),
(147, 24, '2021-10-20', '10:00:00', 1, '19:00:00', 9),
(148, 25, '2021-10-20', '07:00:00', 1, '16:00:00', 9),
(149, 26, '2021-10-20', '07:00:00', 1, '16:00:00', 9),
(150, 27, '2021-10-20', '07:00:00', 1, '16:00:00', 9),
(151, 28, '2021-10-20', '08:00:00', 1, '17:00:00', 9),
(152, 29, '2021-10-20', '09:00:00', 1, '18:00:00', 9),
(153, 30, '2021-10-20', '08:00:00', 1, '17:00:00', 9),
(154, 31, '2021-10-20', '09:00:00', 1, '18:00:00', 9),
(155, 1, '2021-10-21', '08:00:00', 1, '17:00:00', 9),
(156, 2, '2021-10-21', '08:00:00', 1, '17:00:00', 9),
(157, 3, '2021-10-21', '08:00:00', 1, '17:00:00', 9),
(158, 4, '2021-10-21', '09:00:00', 1, '18:00:00', 9),
(159, 5, '2021-10-21', '08:00:00', 1, '17:00:00', 9),
(160, 6, '2021-10-21', '10:00:00', 1, '19:00:00', 9),
(161, 7, '2021-10-21', '08:00:00', 1, '17:00:00', 9),
(162, 8, '2021-10-21', '08:00:00', 1, '17:00:00', 9),
(163, 9, '2021-10-21', '08:00:00', 1, '17:00:00', 9),
(164, 10, '2021-10-21', '09:00:00', 1, '18:00:00', 9),
(165, 11, '2021-10-21', '08:00:00', 1, '17:00:00', 9),
(166, 12, '2021-10-21', '10:00:00', 1, '19:00:00', 9),
(167, 13, '2021-10-21', '09:00:00', 1, '18:00:00', 9),
(168, 14, '2021-10-21', '08:00:00', 1, '17:00:00', 9),
(169, 15, '2021-10-21', '09:00:00', 1, '18:00:00', 9),
(170, 16, '2021-10-21', '09:00:00', 1, '18:00:00', 9),
(171, 17, '2021-10-21', '08:00:00', 1, '17:00:00', 9),
(172, 18, '2021-10-21', '08:00:00', 1, '17:00:00', 9),
(173, 19, '2021-10-21', '07:00:00', 1, '16:00:00', 9),
(174, 20, '2021-10-21', '10:00:00', 1, '19:00:00', 9),
(175, 21, '2021-10-21', '07:00:00', 1, '16:00:00', 9),
(176, 22, '2021-10-21', '07:00:00', 1, '16:00:00', 9),
(177, 23, '2021-10-21', '08:00:00', 1, '17:00:00', 9),
(178, 24, '2021-10-21', '10:00:00', 1, '19:00:00', 9),
(179, 25, '2021-10-21', '07:00:00', 1, '16:00:00', 9),
(180, 26, '2021-10-21', '07:00:00', 1, '16:00:00', 9),
(181, 27, '2021-10-21', '07:00:00', 1, '16:00:00', 9),
(182, 28, '2021-10-21', '08:00:00', 1, '17:00:00', 9),
(183, 29, '2021-10-21', '09:00:00', 1, '18:00:00', 9),
(184, 30, '2021-10-21', '08:00:00', 1, '17:00:00', 9),
(185, 31, '2021-10-21', '09:00:00', 1, '18:00:00', 9),
(186, 1, '2021-10-22', '08:00:00', 1, '17:00:00', 9),
(187, 2, '2021-10-22', '08:00:00', 1, '17:00:00', 9),
(188, 3, '2021-10-22', '08:00:00', 1, '17:00:00', 9),
(189, 4, '2021-10-22', '09:00:00', 1, '18:00:00', 9),
(190, 5, '2021-10-22', '08:00:00', 1, '17:00:00', 9),
(191, 6, '2021-10-22', '10:00:00', 1, '19:00:00', 9),
(192, 7, '2021-10-22', '08:00:00', 1, '17:00:00', 9),
(193, 8, '2021-10-22', '08:00:00', 1, '17:00:00', 9),
(194, 9, '2021-10-22', '08:00:00', 1, '17:00:00', 9),
(195, 10, '2021-10-22', '09:00:00', 1, '18:00:00', 9),
(196, 11, '2021-10-22', '08:00:00', 1, '17:00:00', 9),
(197, 12, '2021-10-22', '10:00:00', 1, '19:00:00', 9),
(198, 13, '2021-10-22', '09:00:00', 1, '18:00:00', 9),
(199, 14, '2021-10-22', '08:00:00', 1, '17:00:00', 9),
(200, 15, '2021-10-22', '09:00:00', 1, '18:00:00', 9),
(201, 16, '2021-10-22', '09:00:00', 1, '18:00:00', 9),
(202, 17, '2021-10-22', '08:00:00', 1, '17:00:00', 9),
(203, 18, '2021-10-22', '08:00:00', 1, '17:00:00', 9),
(204, 19, '2021-10-22', '07:00:00', 1, '16:00:00', 9),
(205, 20, '2021-10-22', '10:00:00', 1, '19:00:00', 9),
(206, 21, '2021-10-22', '07:00:00', 1, '16:00:00', 9),
(207, 22, '2021-10-22', '07:00:00', 1, '16:00:00', 9),
(208, 23, '2021-10-22', '08:00:00', 1, '17:00:00', 9),
(209, 24, '2021-10-22', '10:00:00', 1, '19:00:00', 9),
(210, 25, '2021-10-22', '07:00:00', 1, '16:00:00', 9),
(211, 26, '2021-10-22', '07:00:00', 1, '16:00:00', 9),
(212, 27, '2021-10-22', '07:00:00', 1, '16:00:00', 9),
(213, 28, '2021-10-22', '08:00:00', 1, '17:00:00', 9),
(214, 29, '2021-10-22', '09:00:00', 1, '18:00:00', 9),
(215, 30, '2021-10-22', '08:00:00', 1, '17:00:00', 9),
(216, 31, '2021-10-22', '09:00:00', 1, '18:00:00', 9),
(217, 1, '2021-10-23', '08:00:00', 1, '17:00:00', 9),
(218, 2, '2021-10-23', '08:00:00', 1, '17:00:00', 9),
(219, 3, '2021-10-23', '08:00:00', 1, '17:00:00', 9),
(220, 4, '2021-10-23', '09:00:00', 1, '18:00:00', 9),
(221, 5, '2021-10-23', '08:00:00', 1, '17:00:00', 9),
(222, 6, '2021-10-23', '10:00:00', 1, '19:00:00', 9),
(223, 7, '2021-10-23', '08:00:00', 1, '17:00:00', 9),
(224, 8, '2021-10-23', '08:00:00', 1, '17:00:00', 9),
(225, 9, '2021-10-23', '08:00:00', 1, '17:00:00', 9),
(226, 10, '2021-10-23', '09:00:00', 1, '18:00:00', 9),
(227, 11, '2021-10-23', '08:00:00', 1, '17:00:00', 9),
(228, 12, '2021-10-23', '10:00:00', 1, '19:00:00', 9),
(229, 13, '2021-10-23', '09:00:00', 1, '18:00:00', 9),
(230, 14, '2021-10-23', '08:00:00', 1, '17:00:00', 9),
(231, 15, '2021-10-23', '09:00:00', 1, '18:00:00', 9),
(232, 16, '2021-10-23', '09:00:00', 1, '18:00:00', 9),
(233, 17, '2021-10-23', '08:00:00', 1, '17:00:00', 9),
(234, 18, '2021-10-23', '08:00:00', 1, '17:00:00', 9),
(235, 19, '2021-10-23', '07:00:00', 1, '16:00:00', 9),
(236, 20, '2021-10-23', '10:00:00', 1, '19:00:00', 9),
(237, 21, '2021-10-23', '07:00:00', 1, '16:00:00', 9),
(238, 22, '2021-10-23', '07:00:00', 1, '16:00:00', 9),
(239, 23, '2021-10-23', '08:00:00', 1, '17:00:00', 9),
(240, 24, '2021-10-23', '10:00:00', 1, '19:00:00', 9),
(241, 25, '2021-10-23', '07:00:00', 1, '16:00:00', 9),
(242, 26, '2021-10-23', '07:00:00', 1, '16:00:00', 9),
(243, 27, '2021-10-23', '07:00:00', 1, '16:00:00', 9),
(244, 28, '2021-10-23', '08:00:00', 1, '17:00:00', 9),
(245, 29, '2021-10-23', '09:00:00', 1, '18:00:00', 9),
(246, 30, '2021-10-23', '08:00:00', 1, '17:00:00', 9),
(247, 31, '2021-10-23', '09:00:00', 1, '18:00:00', 9),
(248, 1, '2021-10-24', '08:00:00', 1, '17:00:00', 9),
(249, 2, '2021-10-24', '08:00:00', 1, '17:00:00', 9),
(250, 3, '2021-10-24', '08:00:00', 1, '17:00:00', 9),
(251, 4, '2021-10-24', '09:00:00', 1, '18:00:00', 9),
(252, 5, '2021-10-24', '08:00:00', 1, '17:00:00', 9),
(253, 6, '2021-10-24', '10:00:00', 1, '19:00:00', 9),
(254, 7, '2021-10-24', '08:00:00', 1, '17:00:00', 9),
(255, 8, '2021-10-24', '08:00:00', 1, '17:00:00', 9),
(256, 9, '2021-10-24', '08:00:00', 1, '17:00:00', 9),
(257, 10, '2021-10-24', '09:00:00', 1, '18:00:00', 9),
(258, 11, '2021-10-24', '08:00:00', 1, '17:00:00', 9),
(259, 12, '2021-10-24', '10:00:00', 1, '19:00:00', 9),
(260, 13, '2021-10-24', '09:00:00', 1, '18:00:00', 9),
(261, 14, '2021-10-24', '08:00:00', 1, '17:00:00', 9),
(262, 15, '2021-10-24', '09:00:00', 1, '18:00:00', 9),
(263, 16, '2021-10-24', '09:00:00', 1, '18:00:00', 9),
(264, 17, '2021-10-24', '08:00:00', 1, '17:00:00', 9),
(265, 18, '2021-10-24', '08:00:00', 1, '17:00:00', 9),
(266, 19, '2021-10-24', '07:00:00', 1, '16:00:00', 9),
(267, 20, '2021-10-24', '10:00:00', 1, '19:00:00', 9),
(268, 21, '2021-10-24', '07:00:00', 1, '16:00:00', 9),
(269, 22, '2021-10-24', '07:00:00', 1, '16:00:00', 9),
(270, 23, '2021-10-24', '08:00:00', 1, '17:00:00', 9),
(271, 24, '2021-10-24', '10:00:00', 1, '19:00:00', 9),
(272, 25, '2021-10-24', '07:00:00', 1, '16:00:00', 9),
(273, 26, '2021-10-24', '07:00:00', 1, '16:00:00', 9),
(274, 27, '2021-10-24', '07:00:00', 1, '16:00:00', 9),
(275, 28, '2021-10-24', '08:00:00', 1, '17:00:00', 9),
(276, 29, '2021-10-24', '09:00:00', 1, '18:00:00', 9),
(277, 30, '2021-10-24', '08:00:00', 1, '17:00:00', 9),
(278, 31, '2021-10-24', '09:00:00', 1, '18:00:00', 9),
(279, 1, '2021-10-25', '08:00:00', 1, '17:00:00', 9),
(280, 2, '2021-10-25', '08:00:00', 1, '17:00:00', 9),
(281, 3, '2021-10-25', '08:00:00', 1, '17:00:00', 9),
(282, 4, '2021-10-25', '09:00:00', 1, '18:00:00', 9),
(283, 5, '2021-10-25', '08:00:00', 1, '17:00:00', 9),
(284, 6, '2021-10-25', '10:00:00', 1, '19:00:00', 9),
(285, 7, '2021-10-25', '08:00:00', 1, '17:00:00', 9),
(286, 8, '2021-10-25', '08:00:00', 1, '17:00:00', 9),
(287, 9, '2021-10-25', '08:00:00', 1, '17:00:00', 9),
(288, 10, '2021-10-25', '09:00:00', 1, '18:00:00', 9),
(289, 11, '2021-10-25', '08:00:00', 1, '17:00:00', 9),
(290, 12, '2021-10-25', '10:00:00', 1, '19:00:00', 9),
(291, 13, '2021-10-25', '09:00:00', 1, '18:00:00', 9),
(292, 14, '2021-10-25', '08:00:00', 1, '17:00:00', 9),
(293, 15, '2021-10-25', '09:00:00', 1, '18:00:00', 9),
(294, 16, '2021-10-25', '09:00:00', 1, '18:00:00', 9),
(295, 17, '2021-10-25', '08:00:00', 1, '17:00:00', 9),
(296, 18, '2021-10-25', '08:00:00', 1, '17:00:00', 9),
(297, 19, '2021-10-25', '07:00:00', 1, '16:00:00', 9),
(298, 20, '2021-10-25', '10:00:00', 1, '19:00:00', 9),
(299, 21, '2021-10-25', '07:00:00', 1, '16:00:00', 9),
(300, 22, '2021-10-25', '07:00:00', 1, '16:00:00', 9),
(301, 23, '2021-10-25', '08:00:00', 1, '17:00:00', 9),
(302, 24, '2021-10-25', '10:00:00', 1, '19:00:00', 9),
(303, 25, '2021-10-25', '07:00:00', 1, '16:00:00', 9),
(304, 26, '2021-10-25', '07:00:00', 1, '16:00:00', 9),
(305, 27, '2021-10-25', '07:00:00', 1, '16:00:00', 9),
(306, 28, '2021-10-25', '08:00:00', 1, '17:00:00', 9),
(307, 29, '2021-10-25', '09:00:00', 1, '18:00:00', 9),
(308, 30, '2021-10-25', '08:00:00', 1, '17:00:00', 9),
(309, 31, '2021-10-25', '09:00:00', 1, '18:00:00', 9),
(310, 1, '2021-10-26', '08:00:00', 1, '17:00:00', 9),
(311, 2, '2021-10-26', '08:00:00', 1, '17:00:00', 9),
(312, 3, '2021-10-26', '08:00:00', 1, '17:00:00', 9),
(313, 4, '2021-10-26', '09:00:00', 1, '18:00:00', 9),
(314, 5, '2021-10-26', '08:00:00', 1, '17:00:00', 9),
(315, 6, '2021-10-26', '10:00:00', 1, '19:00:00', 9),
(316, 7, '2021-10-26', '08:00:00', 1, '17:00:00', 9),
(317, 8, '2021-10-26', '08:00:00', 1, '17:00:00', 9),
(318, 9, '2021-10-26', '08:00:00', 1, '17:00:00', 9),
(319, 10, '2021-10-26', '09:00:00', 1, '18:00:00', 9),
(320, 11, '2021-10-26', '08:00:00', 1, '17:00:00', 9),
(321, 12, '2021-10-26', '10:00:00', 1, '19:00:00', 9),
(322, 13, '2021-10-26', '09:00:00', 1, '18:00:00', 9),
(323, 14, '2021-10-26', '08:00:00', 1, '17:00:00', 9),
(324, 15, '2021-10-26', '09:00:00', 1, '18:00:00', 9),
(325, 16, '2021-10-26', '09:00:00', 1, '18:00:00', 9),
(326, 17, '2021-10-26', '08:00:00', 1, '17:00:00', 9),
(327, 18, '2021-10-26', '08:00:00', 1, '17:00:00', 9),
(328, 19, '2021-10-26', '07:00:00', 1, '16:00:00', 9),
(329, 20, '2021-10-26', '10:00:00', 1, '19:00:00', 9),
(330, 21, '2021-10-26', '07:00:00', 1, '16:00:00', 9),
(331, 22, '2021-10-26', '07:00:00', 1, '16:00:00', 9),
(332, 23, '2021-10-26', '08:00:00', 1, '17:00:00', 9),
(333, 24, '2021-10-26', '10:00:00', 1, '19:00:00', 9),
(334, 25, '2021-10-26', '07:00:00', 1, '16:00:00', 9),
(335, 26, '2021-10-26', '07:00:00', 1, '16:00:00', 9),
(336, 27, '2021-10-26', '07:00:00', 1, '16:00:00', 9),
(337, 28, '2021-10-26', '08:00:00', 1, '17:00:00', 9),
(338, 29, '2021-10-26', '09:00:00', 1, '18:00:00', 9),
(339, 30, '2021-10-26', '08:00:00', 1, '17:00:00', 9),
(340, 31, '2021-10-26', '09:00:00', 1, '18:00:00', 9),
(341, 1, '2021-10-27', '08:00:00', 1, '17:00:00', 9),
(342, 2, '2021-10-27', '08:00:00', 1, '17:00:00', 9),
(343, 3, '2021-10-27', '08:00:00', 1, '17:00:00', 9),
(344, 4, '2021-10-27', '09:00:00', 1, '18:00:00', 9),
(345, 5, '2021-10-27', '08:00:00', 1, '17:00:00', 9),
(346, 6, '2021-10-27', '10:00:00', 1, '19:00:00', 9),
(347, 7, '2021-10-27', '08:00:00', 1, '17:00:00', 9),
(348, 8, '2021-10-27', '08:00:00', 1, '17:00:00', 9),
(349, 9, '2021-10-27', '08:00:00', 1, '17:00:00', 9),
(350, 10, '2021-10-27', '09:00:00', 1, '18:00:00', 9),
(351, 11, '2021-10-27', '08:00:00', 1, '17:00:00', 9),
(352, 12, '2021-10-27', '10:00:00', 1, '19:00:00', 9),
(353, 13, '2021-10-27', '09:00:00', 1, '18:00:00', 9),
(354, 14, '2021-10-27', '08:00:00', 1, '17:00:00', 9),
(355, 15, '2021-10-27', '09:00:00', 1, '18:00:00', 9),
(356, 16, '2021-10-27', '09:00:00', 1, '18:00:00', 9),
(357, 17, '2021-10-27', '08:00:00', 1, '17:00:00', 9),
(358, 18, '2021-10-27', '08:00:00', 1, '17:00:00', 9),
(359, 19, '2021-10-27', '07:00:00', 1, '16:00:00', 9),
(360, 20, '2021-10-27', '10:00:00', 1, '19:00:00', 9),
(361, 21, '2021-10-27', '07:00:00', 1, '16:00:00', 9),
(362, 22, '2021-10-27', '07:00:00', 1, '16:00:00', 9),
(363, 23, '2021-10-27', '08:00:00', 1, '17:00:00', 9),
(364, 24, '2021-10-27', '10:00:00', 1, '19:00:00', 9),
(365, 25, '2021-10-27', '07:00:00', 1, '16:00:00', 9),
(366, 26, '2021-10-27', '07:00:00', 1, '16:00:00', 9),
(367, 27, '2021-10-27', '07:00:00', 1, '16:00:00', 9),
(368, 28, '2021-10-27', '08:00:00', 1, '17:00:00', 9),
(369, 29, '2021-10-27', '09:00:00', 1, '18:00:00', 9),
(370, 30, '2021-10-27', '08:00:00', 1, '17:00:00', 9),
(371, 31, '2021-10-27', '09:00:00', 1, '18:00:00', 9),
(372, 1, '2021-10-28', '08:00:00', 1, '17:00:00', 9),
(373, 2, '2021-10-28', '08:00:00', 1, '17:00:00', 9),
(374, 3, '2021-10-28', '08:00:00', 1, '17:00:00', 9),
(375, 4, '2021-10-28', '09:00:00', 1, '18:00:00', 9),
(376, 5, '2021-10-28', '08:00:00', 1, '17:00:00', 9),
(377, 6, '2021-10-28', '10:00:00', 1, '19:00:00', 9),
(378, 7, '2021-10-28', '08:00:00', 1, '17:00:00', 9),
(379, 8, '2021-10-28', '08:00:00', 1, '17:00:00', 9),
(380, 9, '2021-10-28', '08:00:00', 1, '17:00:00', 9),
(381, 10, '2021-10-28', '09:00:00', 1, '18:00:00', 9),
(382, 11, '2021-10-28', '08:00:00', 1, '17:00:00', 9),
(383, 12, '2021-10-28', '10:00:00', 1, '19:00:00', 9),
(384, 13, '2021-10-28', '09:00:00', 1, '18:00:00', 9),
(385, 14, '2021-10-28', '08:00:00', 1, '17:00:00', 9),
(386, 15, '2021-10-28', '09:00:00', 1, '18:00:00', 9),
(387, 16, '2021-10-28', '09:00:00', 1, '18:00:00', 9),
(388, 17, '2021-10-28', '08:00:00', 1, '17:00:00', 9),
(389, 18, '2021-10-28', '08:00:00', 1, '17:00:00', 9),
(390, 19, '2021-10-28', '07:00:00', 1, '16:00:00', 9),
(391, 20, '2021-10-28', '10:00:00', 1, '19:00:00', 9),
(392, 21, '2021-10-28', '07:00:00', 1, '16:00:00', 9),
(393, 22, '2021-10-28', '07:00:00', 1, '16:00:00', 9),
(394, 23, '2021-10-28', '08:00:00', 1, '17:00:00', 9),
(395, 24, '2021-10-28', '10:00:00', 1, '19:00:00', 9),
(396, 25, '2021-10-28', '07:00:00', 1, '16:00:00', 9),
(397, 26, '2021-10-28', '07:00:00', 1, '16:00:00', 9),
(398, 27, '2021-10-28', '07:00:00', 1, '16:00:00', 9),
(399, 28, '2021-10-28', '08:00:00', 1, '17:00:00', 9),
(400, 29, '2021-10-28', '09:00:00', 1, '18:00:00', 9),
(401, 30, '2021-10-28', '08:00:00', 1, '17:00:00', 9),
(402, 31, '2021-10-28', '09:00:00', 1, '18:00:00', 9),
(403, 1, '2021-10-29', '08:00:00', 1, '17:00:00', 9),
(404, 2, '2021-10-29', '08:00:00', 1, '17:00:00', 9),
(405, 3, '2021-10-29', '08:00:00', 1, '17:00:00', 9),
(406, 4, '2021-10-29', '09:00:00', 1, '18:00:00', 9),
(407, 5, '2021-10-29', '08:00:00', 1, '17:00:00', 9),
(408, 6, '2021-10-29', '10:00:00', 1, '19:00:00', 9),
(409, 7, '2021-10-29', '08:00:00', 1, '17:00:00', 9),
(410, 8, '2021-10-29', '08:00:00', 1, '17:00:00', 9),
(411, 9, '2021-10-29', '08:00:00', 1, '17:00:00', 9),
(412, 10, '2021-10-29', '09:00:00', 1, '18:00:00', 9),
(413, 11, '2021-10-29', '08:00:00', 1, '17:00:00', 9),
(414, 12, '2021-10-29', '10:00:00', 1, '19:00:00', 9),
(415, 13, '2021-10-29', '09:00:00', 1, '18:00:00', 9),
(416, 14, '2021-10-29', '08:00:00', 1, '17:00:00', 9),
(417, 15, '2021-10-29', '09:00:00', 1, '18:00:00', 9),
(418, 16, '2021-10-29', '09:00:00', 1, '18:00:00', 9),
(419, 17, '2021-10-29', '08:00:00', 1, '17:00:00', 9),
(420, 18, '2021-10-29', '08:00:00', 1, '17:00:00', 9),
(421, 19, '2021-10-29', '07:00:00', 1, '16:00:00', 9),
(422, 20, '2021-10-29', '10:00:00', 1, '19:00:00', 9),
(423, 21, '2021-10-29', '07:00:00', 1, '16:00:00', 9),
(424, 22, '2021-10-29', '07:00:00', 1, '16:00:00', 9),
(425, 23, '2021-10-29', '08:00:00', 1, '17:00:00', 9),
(426, 24, '2021-10-29', '10:00:00', 1, '19:00:00', 9),
(427, 25, '2021-10-29', '07:00:00', 1, '16:00:00', 9),
(428, 26, '2021-10-29', '07:00:00', 1, '16:00:00', 9),
(429, 27, '2021-10-29', '07:00:00', 1, '16:00:00', 9),
(430, 28, '2021-10-29', '08:00:00', 1, '17:00:00', 9),
(431, 29, '2021-10-29', '09:00:00', 1, '18:00:00', 9),
(432, 30, '2021-10-29', '08:00:00', 1, '17:00:00', 9),
(433, 31, '2021-10-29', '09:00:00', 1, '18:00:00', 9),
(434, 1, '2021-10-30', '08:00:00', 1, '17:00:00', 9),
(435, 2, '2021-10-30', '08:00:00', 1, '17:00:00', 9),
(436, 3, '2021-10-30', '08:00:00', 1, '17:00:00', 9),
(437, 4, '2021-10-30', '09:00:00', 1, '18:00:00', 9),
(438, 5, '2021-10-30', '08:00:00', 1, '17:00:00', 9),
(439, 6, '2021-10-30', '10:00:00', 1, '19:00:00', 9),
(440, 7, '2021-10-30', '08:00:00', 1, '17:00:00', 9),
(441, 8, '2021-10-30', '08:00:00', 1, '17:00:00', 9),
(442, 9, '2021-10-30', '08:00:00', 1, '17:00:00', 9),
(443, 10, '2021-10-30', '09:00:00', 1, '18:00:00', 9),
(444, 11, '2021-10-30', '08:00:00', 1, '17:00:00', 9),
(445, 12, '2021-10-30', '10:00:00', 1, '19:00:00', 9),
(446, 13, '2021-10-30', '09:00:00', 1, '18:00:00', 9),
(447, 14, '2021-10-30', '08:00:00', 1, '17:00:00', 9),
(448, 15, '2021-10-30', '09:00:00', 1, '18:00:00', 9),
(449, 16, '2021-10-30', '09:00:00', 1, '18:00:00', 9),
(450, 17, '2021-10-30', '08:00:00', 1, '17:00:00', 9),
(451, 18, '2021-10-30', '08:00:00', 1, '17:00:00', 9),
(452, 19, '2021-10-30', '07:00:00', 1, '16:00:00', 9),
(453, 20, '2021-10-30', '10:00:00', 1, '19:00:00', 9),
(454, 21, '2021-10-30', '07:00:00', 1, '16:00:00', 9),
(455, 22, '2021-10-30', '07:00:00', 1, '16:00:00', 9),
(456, 23, '2021-10-30', '08:00:00', 1, '17:00:00', 9),
(457, 24, '2021-10-30', '10:00:00', 1, '19:00:00', 9),
(458, 25, '2021-10-30', '07:00:00', 1, '16:00:00', 9),
(459, 26, '2021-10-30', '07:00:00', 1, '16:00:00', 9),
(460, 27, '2021-10-30', '07:00:00', 1, '16:00:00', 9),
(461, 28, '2021-10-30', '08:00:00', 1, '17:00:00', 9),
(462, 29, '2021-10-30', '09:00:00', 1, '18:00:00', 9),
(463, 30, '2021-10-30', '08:00:00', 1, '17:00:00', 9),
(464, 31, '2021-10-30', '09:00:00', 1, '18:00:00', 9),
(465, 1, '2021-10-31', '08:00:00', 1, '17:00:00', 9),
(466, 2, '2021-10-31', '08:00:00', 1, '17:00:00', 9),
(467, 3, '2021-10-31', '08:00:00', 1, '17:00:00', 9),
(468, 4, '2021-10-31', '09:00:00', 1, '18:00:00', 9),
(469, 5, '2021-10-31', '08:00:00', 1, '17:00:00', 9),
(470, 6, '2021-10-31', '10:00:00', 1, '19:00:00', 9),
(471, 7, '2021-10-31', '08:00:00', 1, '17:00:00', 9),
(472, 8, '2021-10-31', '08:00:00', 1, '17:00:00', 9),
(473, 9, '2021-10-31', '08:00:00', 1, '17:00:00', 9),
(474, 10, '2021-10-31', '09:00:00', 1, '18:00:00', 9),
(475, 11, '2021-10-31', '08:00:00', 1, '17:00:00', 9),
(476, 12, '2021-10-31', '10:00:00', 1, '19:00:00', 9),
(477, 13, '2021-10-31', '09:00:00', 1, '18:00:00', 9),
(478, 14, '2021-10-31', '08:00:00', 1, '17:00:00', 9),
(479, 15, '2021-10-31', '09:00:00', 1, '18:00:00', 9),
(480, 16, '2021-10-31', '09:00:00', 1, '18:00:00', 9),
(481, 17, '2021-10-31', '08:00:00', 1, '17:00:00', 9),
(482, 18, '2021-10-31', '08:00:00', 1, '17:00:00', 9),
(483, 19, '2021-10-31', '07:00:00', 1, '16:00:00', 9),
(484, 20, '2021-10-31', '10:00:00', 1, '19:00:00', 9),
(485, 21, '2021-10-31', '07:00:00', 1, '16:00:00', 9),
(486, 22, '2021-10-31', '07:00:00', 1, '16:00:00', 9),
(487, 23, '2021-10-31', '08:00:00', 1, '17:00:00', 9),
(488, 24, '2021-10-31', '10:00:00', 1, '19:00:00', 9),
(489, 25, '2021-10-31', '07:00:00', 1, '16:00:00', 9),
(490, 26, '2021-10-31', '07:00:00', 1, '16:00:00', 9),
(491, 27, '2021-10-31', '07:00:00', 1, '16:00:00', 9),
(492, 28, '2021-10-31', '08:00:00', 1, '17:00:00', 9),
(493, 29, '2021-10-31', '09:00:00', 1, '18:00:00', 9),
(494, 30, '2021-10-31', '08:00:00', 1, '17:00:00', 9),
(495, 31, '2021-10-31', '09:00:00', 1, '18:00:00', 9),
(496, 1, '2021-11-01', '08:00:00', 1, '17:00:00', 9),
(497, 2, '2021-11-01', '08:00:00', 1, '17:00:00', 9),
(498, 3, '2021-11-01', '08:00:00', 1, '17:00:00', 9),
(499, 4, '2021-11-01', '09:00:00', 1, '18:00:00', 9),
(500, 5, '2021-11-01', '08:00:00', 1, '17:00:00', 9),
(501, 6, '2021-11-01', '10:00:00', 1, '19:00:00', 9),
(502, 7, '2021-11-01', '08:00:00', 1, '17:00:00', 9),
(503, 8, '2021-11-01', '08:00:00', 1, '17:00:00', 9),
(504, 9, '2021-11-01', '08:00:00', 1, '17:00:00', 9),
(505, 10, '2021-11-01', '09:00:00', 1, '18:00:00', 9),
(506, 11, '2021-11-01', '08:00:00', 1, '17:00:00', 9),
(507, 12, '2021-11-01', '10:00:00', 1, '19:00:00', 9),
(508, 13, '2021-11-01', '09:00:00', 1, '18:00:00', 9),
(509, 14, '2021-11-01', '08:00:00', 1, '17:00:00', 9),
(510, 15, '2021-11-01', '09:00:00', 1, '18:00:00', 9),
(511, 16, '2021-11-01', '09:00:00', 1, '18:00:00', 9),
(512, 17, '2021-11-01', '08:00:00', 1, '17:00:00', 9),
(513, 18, '2021-11-01', '08:00:00', 1, '17:00:00', 9),
(514, 19, '2021-11-01', '07:00:00', 1, '16:00:00', 9),
(515, 20, '2021-11-01', '10:00:00', 1, '19:00:00', 9),
(516, 21, '2021-11-01', '07:00:00', 1, '16:00:00', 9),
(517, 22, '2021-11-01', '07:00:00', 1, '16:00:00', 9),
(518, 23, '2021-11-01', '08:00:00', 1, '17:00:00', 9),
(519, 24, '2021-11-01', '10:00:00', 1, '19:00:00', 9),
(520, 25, '2021-11-01', '07:00:00', 1, '16:00:00', 9),
(521, 26, '2021-11-01', '07:00:00', 1, '16:00:00', 9),
(522, 27, '2021-11-01', '07:00:00', 1, '16:00:00', 9),
(523, 28, '2021-11-01', '08:00:00', 1, '17:00:00', 9),
(524, 29, '2021-11-01', '09:00:00', 1, '18:00:00', 9),
(525, 30, '2021-11-01', '08:00:00', 1, '17:00:00', 9),
(526, 31, '2021-11-01', '09:00:00', 1, '18:00:00', 9),
(527, 1, '2021-11-02', '08:00:00', 1, '17:00:00', 9),
(528, 2, '2021-11-02', '08:00:00', 1, '17:00:00', 9),
(529, 3, '2021-11-02', '08:00:00', 1, '17:00:00', 9),
(530, 4, '2021-11-02', '09:00:00', 1, '18:00:00', 9),
(531, 5, '2021-11-02', '08:00:00', 1, '17:00:00', 9),
(532, 6, '2021-11-02', '10:00:00', 1, '19:00:00', 9),
(533, 7, '2021-11-02', '08:00:00', 1, '17:00:00', 9),
(534, 8, '2021-11-02', '08:00:00', 1, '17:00:00', 9),
(535, 9, '2021-11-02', '08:00:00', 1, '17:00:00', 9),
(536, 10, '2021-11-02', '09:00:00', 1, '18:00:00', 9),
(537, 11, '2021-11-02', '08:00:00', 1, '17:00:00', 9),
(538, 12, '2021-11-02', '10:00:00', 1, '19:00:00', 9),
(539, 13, '2021-11-02', '09:00:00', 1, '18:00:00', 9),
(540, 14, '2021-11-02', '08:00:00', 1, '17:00:00', 9),
(541, 15, '2021-11-02', '09:00:00', 1, '18:00:00', 9),
(542, 16, '2021-11-02', '09:00:00', 1, '18:00:00', 9),
(543, 17, '2021-11-02', '08:00:00', 1, '17:00:00', 9),
(544, 18, '2021-11-02', '08:00:00', 1, '17:00:00', 9),
(545, 19, '2021-11-02', '07:00:00', 1, '16:00:00', 9),
(546, 20, '2021-11-02', '10:00:00', 1, '19:00:00', 9),
(547, 21, '2021-11-02', '07:00:00', 1, '16:00:00', 9),
(548, 22, '2021-11-02', '07:00:00', 1, '16:00:00', 9),
(549, 23, '2021-11-02', '08:00:00', 1, '17:00:00', 9),
(550, 24, '2021-11-02', '10:00:00', 1, '19:00:00', 9),
(551, 25, '2021-11-02', '07:00:00', 1, '16:00:00', 9),
(552, 26, '2021-11-02', '07:00:00', 1, '16:00:00', 9),
(553, 27, '2021-11-02', '07:00:00', 1, '16:00:00', 9),
(554, 28, '2021-11-02', '08:00:00', 1, '17:00:00', 9),
(555, 29, '2021-11-02', '09:00:00', 1, '18:00:00', 9),
(556, 30, '2021-11-02', '08:00:00', 1, '17:00:00', 9),
(557, 31, '2021-11-02', '09:00:00', 1, '18:00:00', 9),
(558, 1, '2021-11-03', '08:00:00', 1, '17:00:00', 9),
(559, 2, '2021-11-03', '08:00:00', 1, '17:00:00', 9),
(560, 3, '2021-11-03', '08:00:00', 1, '17:00:00', 9),
(561, 4, '2021-11-03', '09:00:00', 1, '18:00:00', 9),
(562, 5, '2021-11-03', '08:00:00', 1, '17:00:00', 9),
(563, 6, '2021-11-03', '10:00:00', 1, '19:00:00', 9),
(564, 7, '2021-11-03', '08:00:00', 1, '17:00:00', 9),
(565, 8, '2021-11-03', '08:00:00', 1, '17:00:00', 9),
(566, 9, '2021-11-03', '08:00:00', 1, '17:00:00', 9),
(567, 10, '2021-11-03', '09:00:00', 1, '18:00:00', 9),
(568, 10, '2021-11-03', '09:00:00', 1, '18:00:00', 9),
(569, 11, '2021-11-03', '08:00:00', 1, '17:00:00', 9),
(570, 12, '2021-11-03', '10:00:00', 1, '19:00:00', 9),
(571, 13, '2021-11-03', '09:00:00', 1, '18:00:00', 9),
(572, 14, '2021-11-03', '08:00:00', 1, '17:00:00', 9),
(573, 15, '2021-11-03', '09:00:00', 1, '18:00:00', 9),
(574, 16, '2021-11-03', '09:00:00', 1, '18:00:00', 9),
(575, 17, '2021-11-03', '08:00:00', 1, '17:00:00', 9),
(576, 18, '2021-11-03', '08:00:00', 1, '17:00:00', 9),
(577, 19, '2021-11-03', '07:00:00', 1, '16:00:00', 9),
(578, 20, '2021-11-03', '10:00:00', 1, '19:00:00', 9),
(579, 21, '2021-11-03', '07:00:00', 1, '16:00:00', 9),
(580, 22, '2021-11-03', '07:00:00', 1, '16:00:00', 9),
(581, 23, '2021-11-03', '08:00:00', 1, '17:00:00', 9),
(582, 24, '2021-11-03', '10:00:00', 1, '19:00:00', 9),
(583, 25, '2021-11-03', '07:00:00', 1, '16:00:00', 9),
(584, 26, '2021-11-03', '07:00:00', 1, '16:00:00', 9),
(585, 27, '2021-11-03', '07:00:00', 1, '16:00:00', 9),
(586, 28, '2021-11-03', '08:00:00', 1, '17:00:00', 9),
(587, 29, '2021-11-03', '09:00:00', 1, '18:00:00', 9),
(588, 30, '2021-11-03', '08:00:00', 1, '17:00:00', 9),
(589, 31, '2021-11-03', '09:00:00', 1, '18:00:00', 9),
(590, 1, '2021-11-04', '08:00:00', 1, '17:00:00', 9),
(591, 2, '2021-11-04', '08:00:00', 1, '17:00:00', 9),
(592, 3, '2021-11-04', '08:00:00', 1, '17:00:00', 9),
(593, 4, '2021-11-04', '09:00:00', 1, '18:00:00', 9),
(594, 5, '2021-11-04', '08:00:00', 1, '17:00:00', 9),
(595, 6, '2021-11-04', '10:00:00', 1, '19:00:00', 9),
(596, 7, '2021-11-04', '08:00:00', 1, '17:00:00', 9),
(597, 8, '2021-11-04', '08:00:00', 1, '17:00:00', 9),
(598, 9, '2021-11-04', '08:00:00', 1, '17:00:00', 9),
(599, 10, '2021-11-04', '09:00:00', 1, '18:00:00', 9),
(600, 11, '2021-11-04', '08:00:00', 1, '17:00:00', 9),
(601, 12, '2021-11-04', '10:00:00', 1, '19:00:00', 9),
(602, 13, '2021-11-04', '09:00:00', 1, '18:00:00', 9),
(603, 14, '2021-11-04', '08:00:00', 1, '17:00:00', 9),
(604, 15, '2021-11-04', '09:00:00', 1, '18:00:00', 9),
(605, 16, '2021-11-04', '09:00:00', 1, '18:00:00', 9),
(606, 17, '2021-11-04', '08:00:00', 1, '17:00:00', 9),
(607, 18, '2021-11-04', '08:00:00', 1, '17:00:00', 9),
(608, 19, '2021-11-04', '07:00:00', 1, '16:00:00', 9),
(609, 20, '2021-11-04', '10:00:00', 1, '19:00:00', 9),
(610, 21, '2021-11-04', '07:00:00', 1, '16:00:00', 9),
(611, 22, '2021-11-04', '07:00:00', 1, '16:00:00', 9),
(612, 23, '2021-11-04', '08:00:00', 1, '17:00:00', 9),
(613, 24, '2021-11-04', '10:00:00', 1, '19:00:00', 9),
(614, 25, '2021-11-04', '07:00:00', 1, '16:00:00', 9),
(615, 26, '2021-11-04', '07:00:00', 1, '16:00:00', 9),
(616, 27, '2021-11-04', '07:00:00', 1, '16:00:00', 9),
(617, 28, '2021-11-04', '08:00:00', 1, '17:00:00', 9),
(618, 29, '2021-11-04', '09:00:00', 1, '18:00:00', 9),
(619, 30, '2021-11-04', '08:00:00', 1, '17:00:00', 9),
(620, 31, '2021-11-04', '09:00:00', 1, '18:00:00', 9),
(621, 1, '2021-11-05', '08:00:00', 1, '17:00:00', 9),
(622, 2, '2021-11-05', '08:02:00', 0, '17:00:00', 8.98),
(623, 3, '2021-11-05', '08:00:00', 1, '17:00:00', 9),
(624, 4, '2021-11-05', '09:00:00', 1, '18:00:00', 9),
(625, 5, '2021-11-05', '08:00:00', 1, '17:00:00', 9),
(626, 6, '2021-11-05', '10:00:00', 1, '19:00:00', 9),
(627, 7, '2021-11-05', '08:00:00', 1, '17:00:00', 9),
(628, 8, '2021-11-05', '08:00:00', 1, '17:00:00', 9),
(629, 9, '2021-11-05', '08:00:00', 1, '17:00:00', 9),
(630, 10, '2021-11-05', '09:00:00', 1, '18:00:00', 9),
(631, 11, '2021-11-05', '08:00:00', 1, '17:00:00', 9),
(632, 12, '2021-11-05', '10:00:00', 1, '19:00:00', 9),
(633, 13, '2021-11-05', '09:00:00', 1, '18:00:00', 9),
(634, 14, '2021-11-05', '08:00:00', 1, '17:00:00', 9),
(635, 15, '2021-11-05', '09:00:00', 1, '18:00:00', 9),
(636, 16, '2021-11-05', '09:00:00', 1, '18:00:00', 9),
(637, 17, '2021-11-05', '08:00:00', 1, '17:00:00', 9),
(638, 18, '2021-11-05', '08:00:00', 1, '17:00:00', 9),
(639, 19, '2021-11-05', '07:00:00', 1, '16:00:00', 9),
(640, 20, '2021-11-05', '10:00:00', 1, '19:00:00', 9),
(641, 21, '2021-11-05', '07:00:00', 1, '16:00:00', 9),
(642, 22, '2021-11-05', '07:00:00', 1, '16:00:00', 9),
(643, 23, '2021-11-05', '08:00:00', 1, '17:00:00', 9),
(644, 24, '2021-11-05', '10:00:00', 1, '19:00:00', 9),
(645, 25, '2021-11-05', '07:03:10', 0, '16:00:00', 8.969),
(646, 26, '2021-11-05', '07:00:00', 1, '16:00:00', 9),
(647, 27, '2021-11-05', '07:00:00', 1, '16:00:00', 9),
(648, 28, '2021-11-05', '08:00:00', 1, '17:00:00', 9),
(649, 29, '2021-11-05', '09:00:00', 1, '18:00:00', 9),
(650, 30, '2021-11-05', '08:00:00', 1, '17:00:00', 9),
(651, 31, '2021-11-05', '09:00:00', 1, '18:00:00', 9),
(652, 1, '2021-11-06', '08:00:00', 1, '17:00:00', 9),
(653, 2, '2021-11-06', '08:00:00', 1, '17:00:00', 9),
(654, 3, '2021-11-06', '08:00:00', 1, '17:00:00', 9),
(655, 4, '2021-11-06', '09:00:00', 1, '18:00:00', 9),
(656, 5, '2021-11-06', '08:00:00', 1, '17:00:00', 9),
(657, 6, '2021-11-06', '10:00:00', 1, '19:00:00', 9),
(658, 7, '2021-11-06', '08:00:00', 1, '17:00:00', 9),
(659, 8, '2021-11-06', '08:00:00', 1, '17:00:00', 9),
(660, 9, '2021-11-06', '08:04:01', 0, '17:00:00', 8.9599),
(661, 10, '2021-11-06', '09:00:00', 1, '18:00:00', 9),
(662, 11, '2021-11-06', '08:00:00', 1, '17:00:00', 9),
(663, 12, '2021-11-06', '10:00:00', 1, '19:00:00', 9),
(664, 13, '2021-11-06', '09:00:00', 1, '18:00:00', 9),
(665, 14, '2021-11-06', '08:00:00', 1, '17:00:00', 9),
(666, 15, '2021-11-06', '09:00:00', 1, '18:00:00', 9),
(667, 16, '2021-11-06', '09:00:00', 1, '18:00:00', 9),
(668, 17, '2021-11-06', '08:00:00', 1, '17:00:00', 9),
(669, 18, '2021-11-06', '08:00:00', 1, '17:00:00', 9),
(670, 19, '2021-11-06', '07:00:00', 1, '16:00:00', 9),
(671, 20, '2021-11-06', '10:00:00', 1, '19:00:00', 9),
(672, 21, '2021-11-06', '07:00:00', 1, '16:00:00', 9),
(673, 22, '2021-11-06', '07:00:00', 1, '16:00:00', 9),
(674, 23, '2021-11-06', '08:00:00', 1, '17:00:00', 9),
(675, 24, '2021-11-06', '10:00:00', 1, '19:00:00', 9),
(676, 25, '2021-11-06', '07:00:00', 1, '16:00:00', 9),
(677, 26, '2021-11-06', '07:00:00', 1, '16:00:00', 9),
(678, 27, '2021-11-06', '07:00:00', 1, '16:00:00', 9),
(679, 28, '2021-11-06', '08:00:00', 1, '17:00:00', 9),
(680, 29, '2021-11-06', '09:00:00', 1, '18:00:00', 9),
(681, 30, '2021-11-06', '08:00:00', 1, '17:00:00', 9),
(682, 31, '2021-11-06', '09:00:00', 1, '18:00:00', 9),
(683, 1, '2021-11-07', '08:00:00', 1, '17:00:00', 9),
(684, 2, '2021-11-07', '08:00:00', 1, '17:00:00', 9),
(685, 3, '2021-11-07', '08:00:00', 1, '17:00:00', 9),
(686, 4, '2021-11-07', '09:00:00', 1, '18:00:00', 9),
(687, 5, '2021-11-07', '08:00:00', 1, '17:00:00', 9),
(688, 6, '2021-11-07', '10:00:00', 1, '19:00:00', 9),
(689, 7, '2021-11-07', '08:00:00', 1, '17:00:00', 9),
(690, 8, '2021-11-07', '08:00:00', 1, '17:00:00', 9),
(691, 9, '2021-11-07', '08:00:00', 1, '17:00:00', 9),
(692, 10, '2021-11-07', '09:00:00', 1, '18:00:00', 9),
(693, 11, '2021-11-07', '08:00:00', 1, '17:00:00', 9),
(694, 12, '2021-11-07', '10:00:00', 1, '19:00:00', 9),
(695, 13, '2021-11-07', '09:00:00', 1, '18:00:00', 9),
(696, 14, '2021-11-07', '08:00:00', 1, '17:00:00', 9),
(697, 15, '2021-11-07', '09:00:00', 1, '18:00:00', 9),
(698, 16, '2021-11-07', '09:00:00', 1, '18:00:00', 9),
(699, 17, '2021-11-07', '08:00:00', 1, '17:00:00', 9),
(700, 18, '2021-11-07', '08:00:00', 1, '17:00:00', 9),
(701, 19, '2021-11-07', '07:00:00', 1, '16:00:00', 9),
(702, 20, '2021-11-07', '10:00:00', 1, '19:00:00', 9),
(703, 21, '2021-11-07', '07:00:00', 1, '16:00:00', 9),
(704, 22, '2021-11-07', '07:00:00', 1, '16:00:00', 9),
(705, 23, '2021-11-07', '08:00:00', 1, '17:00:00', 9),
(706, 24, '2021-11-07', '10:00:00', 1, '19:00:00', 9),
(707, 25, '2021-11-07', '07:00:00', 1, '16:00:00', 9),
(708, 26, '2021-11-07', '07:00:00', 1, '16:00:00', 9),
(709, 27, '2021-11-07', '07:00:00', 1, '16:00:00', 9),
(710, 28, '2021-11-07', '08:00:00', 1, '17:00:00', 9),
(711, 29, '2021-11-07', '09:00:00', 1, '18:00:00', 9),
(712, 30, '2021-11-07', '08:00:00', 1, '17:00:00', 9),
(713, 31, '2021-11-07', '09:00:00', 1, '18:00:00', 9),
(714, 1, '2021-11-08', '08:00:00', 1, '17:00:00', 9),
(715, 2, '2021-11-08', '08:00:00', 1, '17:00:00', 9),
(716, 3, '2021-11-08', '08:00:00', 1, '17:00:00', 9),
(717, 4, '2021-11-08', '09:00:00', 1, '18:00:00', 9),
(718, 5, '2021-11-08', '08:00:00', 1, '17:00:00', 9),
(719, 6, '2021-11-08', '10:00:00', 1, '19:00:00', 9),
(720, 7, '2021-11-08', '08:00:00', 1, '17:00:00', 9),
(721, 8, '2021-11-08', '08:00:00', 1, '17:00:00', 9),
(722, 9, '2021-11-08', '08:00:00', 1, '17:00:00', 9),
(723, 10, '2021-11-08', '09:00:00', 1, '18:00:00', 9),
(724, 11, '2021-11-08', '08:00:00', 1, '17:00:00', 9),
(725, 12, '2021-11-08', '10:00:00', 1, '19:00:00', 9),
(726, 13, '2021-11-08', '09:00:00', 1, '18:00:00', 9),
(727, 14, '2021-11-08', '08:00:00', 1, '17:00:00', 9),
(728, 15, '2021-11-08', '09:00:00', 1, '18:00:00', 9),
(729, 16, '2021-11-08', '09:00:00', 1, '18:00:00', 9),
(730, 17, '2021-11-08', '08:00:00', 1, '17:00:00', 9),
(731, 18, '2021-11-08', '08:00:00', 1, '17:00:00', 9),
(732, 19, '2021-11-08', '07:00:00', 1, '16:00:00', 9),
(733, 20, '2021-11-08', '10:00:00', 1, '19:00:00', 9),
(734, 21, '2021-11-08', '07:00:00', 1, '16:00:00', 9),
(735, 22, '2021-11-08', '07:00:00', 1, '16:00:00', 9),
(736, 23, '2021-11-08', '08:00:00', 1, '17:00:00', 9),
(737, 24, '2021-11-08', '10:00:00', 1, '19:00:00', 9),
(738, 25, '2021-11-08', '07:00:00', 1, '16:00:00', 9),
(739, 26, '2021-11-08', '07:00:00', 1, '16:00:00', 9),
(740, 27, '2021-11-08', '07:00:00', 1, '16:00:00', 9),
(741, 28, '2021-11-08', '08:00:00', 1, '17:00:00', 9),
(742, 29, '2021-11-08', '09:00:00', 1, '18:00:00', 9),
(743, 30, '2021-11-08', '08:00:00', 1, '17:00:00', 9),
(744, 31, '2021-11-08', '09:00:00', 1, '18:00:00', 9),
(745, 1, '2021-11-09', '08:00:00', 1, '17:00:00', 9),
(746, 2, '2021-11-09', '08:00:00', 1, '17:00:00', 9),
(747, 3, '2021-11-09', '08:00:00', 1, '17:00:00', 9),
(748, 4, '2021-11-09', '09:00:00', 1, '18:00:00', 9),
(749, 5, '2021-11-09', '08:00:00', 1, '17:00:00', 9),
(750, 6, '2021-11-09', '10:07:22', 0, '19:00:00', 8.9278),
(751, 7, '2021-11-09', '08:00:00', 1, '17:00:00', 9),
(752, 8, '2021-11-09', '08:00:00', 1, '17:00:00', 9),
(753, 9, '2021-11-09', '08:12:00', 0, '17:00:00', 8.88),
(754, 10, '2021-11-09', '09:00:00', 1, '18:00:00', 9),
(755, 11, '2021-11-09', '08:00:00', 1, '17:00:00', 9),
(756, 12, '2021-11-09', '10:00:00', 1, '19:00:00', 9),
(757, 13, '2021-11-09', '09:00:00', 1, '18:00:00', 9),
(758, 14, '2021-11-09', '08:00:00', 1, '17:00:00', 9),
(759, 15, '2021-11-09', '09:00:00', 1, '18:00:00', 9),
(760, 16, '2021-11-09', '09:00:00', 1, '18:00:00', 9),
(761, 17, '2021-11-09', '08:00:00', 1, '17:00:00', 9),
(762, 18, '2021-11-09', '08:00:00', 1, '17:00:00', 9),
(763, 19, '2021-11-09', '07:00:00', 1, '16:00:00', 9),
(764, 20, '2021-11-09', '10:00:00', 1, '19:00:00', 9),
(765, 21, '2021-11-09', '07:00:00', 1, '16:00:00', 9),
(766, 22, '2021-11-09', '07:00:00', 1, '16:00:00', 9),
(767, 23, '2021-11-09', '08:00:00', 1, '17:00:00', 9),
(768, 24, '2021-11-09', '10:00:00', 1, '19:00:00', 9),
(769, 25, '2021-11-09', '07:00:00', 1, '16:00:00', 9),
(770, 26, '2021-11-09', '07:00:00', 1, '16:00:00', 9),
(771, 27, '2021-11-09', '07:00:00', 1, '16:00:00', 9),
(772, 28, '2021-11-09', '08:00:00', 1, '17:00:00', 9),
(773, 29, '2021-11-09', '09:00:00', 1, '18:00:00', 9),
(774, 30, '2021-11-09', '08:00:00', 1, '17:00:00', 9),
(775, 31, '2021-11-09', '09:00:00', 1, '18:00:00', 9),
(776, 1, '2021-11-10', '08:00:00', 1, '17:00:00', 9),
(777, 2, '2021-11-10', '08:00:00', 1, '17:00:00', 9),
(778, 3, '2021-11-10', '08:00:00', 1, '17:00:00', 9),
(779, 4, '2021-11-10', '09:00:00', 1, '18:00:00', 9),
(780, 5, '2021-11-10', '08:00:00', 1, '17:00:00', 9),
(781, 6, '2021-11-10', '10:00:00', 1, '19:00:00', 9),
(782, 7, '2021-11-10', '08:00:00', 1, '17:00:00', 9),
(783, 8, '2021-11-10', '08:00:00', 1, '17:00:00', 9),
(784, 9, '2021-11-10', '08:00:00', 1, '17:00:00', 9),
(785, 10, '2021-11-10', '09:00:00', 1, '18:00:00', 9),
(786, 11, '2021-11-10', '08:00:00', 1, '17:00:00', 9),
(787, 12, '2021-11-10', '10:00:00', 1, '19:00:00', 9),
(788, 13, '2021-11-10', '09:00:00', 1, '18:00:00', 9),
(789, 14, '2021-11-10', '08:00:00', 1, '17:00:00', 9),
(790, 15, '2021-11-10', '09:00:00', 1, '18:00:00', 9),
(791, 16, '2021-11-10', '09:00:00', 1, '18:00:00', 9),
(792, 17, '2021-11-10', '08:00:00', 1, '17:00:00', 9),
(793, 18, '2021-11-10', '08:00:00', 1, '17:00:00', 9),
(794, 19, '2021-11-10', '07:00:00', 1, '16:00:00', 9),
(795, 20, '2021-11-10', '10:00:00', 1, '19:00:00', 9),
(796, 21, '2021-11-10', '07:00:00', 1, '16:00:00', 9),
(797, 22, '2021-11-10', '07:00:00', 1, '16:00:00', 9),
(798, 23, '2021-11-10', '08:00:00', 1, '17:00:00', 9),
(799, 24, '2021-11-10', '10:00:00', 1, '19:00:00', 9),
(800, 25, '2021-11-10', '07:00:00', 1, '16:00:00', 9),
(801, 26, '2021-11-10', '07:00:00', 1, '16:00:00', 9),
(802, 27, '2021-11-10', '07:00:00', 1, '16:00:00', 9),
(803, 28, '2021-11-10', '08:00:00', 1, '17:00:00', 9),
(804, 29, '2021-11-10', '09:00:00', 1, '18:00:00', 9),
(805, 30, '2021-11-10', '08:00:00', 1, '17:00:00', 9),
(806, 31, '2021-11-10', '09:00:00', 1, '18:00:00', 9),
(807, 1, '2021-11-11', '08:00:00', 1, '17:00:00', 9),
(808, 2, '2021-11-11', '08:00:00', 1, '17:00:00', 9),
(809, 3, '2021-11-11', '08:00:00', 1, '17:00:00', 9),
(810, 4, '2021-11-11', '09:00:00', 1, '18:00:00', 9),
(811, 5, '2021-11-11', '08:00:00', 1, '17:00:00', 9),
(812, 6, '2021-11-11', '10:00:00', 1, '19:00:00', 9),
(813, 7, '2021-11-11', '08:00:00', 1, '17:00:00', 9),
(814, 8, '2021-11-11', '08:00:00', 1, '17:00:00', 9),
(815, 9, '2021-11-11', '08:00:00', 1, '17:00:00', 9),
(816, 10, '2021-11-11', '09:00:00', 1, '18:00:00', 9),
(817, 11, '2021-11-11', '08:00:00', 1, '17:00:00', 9),
(818, 12, '2021-11-11', '10:00:00', 1, '19:00:00', 9),
(819, 13, '2021-11-11', '09:00:00', 1, '18:00:00', 9),
(820, 14, '2021-11-11', '08:00:00', 1, '17:00:00', 9),
(821, 15, '2021-11-11', '09:00:00', 1, '18:00:00', 9),
(822, 16, '2021-11-11', '09:00:00', 1, '18:00:00', 9),
(823, 17, '2021-11-11', '08:00:00', 1, '17:00:00', 9),
(824, 18, '2021-11-11', '08:00:00', 1, '17:00:00', 9),
(825, 19, '2021-11-11', '07:00:00', 1, '16:00:00', 9),
(826, 20, '2021-11-11', '10:00:00', 1, '19:00:00', 9),
(827, 21, '2021-11-11', '07:00:00', 1, '16:00:00', 9),
(828, 22, '2021-11-11', '07:00:00', 1, '16:00:00', 9),
(829, 23, '2021-11-11', '08:00:00', 1, '17:00:00', 9),
(830, 24, '2021-11-11', '10:00:00', 1, '19:00:00', 9),
(831, 25, '2021-11-11', '07:00:00', 1, '16:00:00', 9),
(832, 26, '2021-11-11', '07:00:00', 1, '16:00:00', 9),
(833, 27, '2021-11-11', '07:00:00', 1, '16:00:00', 9),
(834, 28, '2021-11-11', '08:00:00', 1, '17:00:00', 9),
(835, 29, '2021-11-11', '09:00:00', 1, '18:00:00', 9),
(836, 30, '2021-11-11', '08:00:00', 1, '17:00:00', 9),
(837, 31, '2021-11-11', '09:00:00', 1, '18:00:00', 9),
(838, 1, '2021-11-12', '08:00:00', 1, '17:00:00', 9),
(839, 2, '2021-11-12', '08:00:00', 1, '17:00:00', 9),
(840, 3, '2021-11-12', '08:00:00', 1, '17:00:00', 9),
(841, 4, '2021-11-12', '09:00:00', 1, '18:00:00', 9),
(842, 5, '2021-11-12', '08:00:00', 1, '17:00:00', 9),
(843, 6, '2021-11-12', '10:00:00', 1, '19:00:00', 9),
(844, 7, '2021-11-12', '08:00:00', 1, '17:00:00', 9),
(845, 8, '2021-11-12', '08:00:00', 1, '17:00:00', 9),
(846, 9, '2021-11-12', '08:00:00', 1, '17:00:00', 9),
(847, 10, '2021-11-12', '09:00:00', 1, '18:00:00', 9),
(848, 11, '2021-11-12', '08:00:00', 1, '17:00:00', 9),
(849, 12, '2021-11-12', '10:00:00', 1, '19:00:00', 9),
(850, 13, '2021-11-12', '09:00:00', 1, '18:00:00', 9),
(851, 14, '2021-11-12', '08:00:00', 1, '17:00:00', 9),
(852, 15, '2021-11-12', '09:00:00', 1, '18:00:00', 9),
(853, 16, '2021-11-12', '09:00:00', 1, '18:00:00', 9),
(854, 17, '2021-11-12', '08:00:00', 1, '17:00:00', 9),
(855, 18, '2021-11-12', '08:00:00', 1, '17:00:00', 9),
(856, 19, '2021-11-12', '07:00:00', 1, '16:00:00', 9),
(857, 20, '2021-11-12', '10:00:00', 1, '19:00:00', 9),
(858, 21, '2021-11-12', '07:00:00', 1, '16:00:00', 9),
(859, 22, '2021-11-12', '07:00:00', 1, '16:00:00', 9),
(860, 23, '2021-11-12', '08:01:09', 0, '17:00:00', 8.9891),
(861, 24, '2021-11-12', '10:00:00', 1, '19:00:00', 9),
(862, 25, '2021-11-12', '07:00:00', 1, '16:00:00', 9),
(863, 26, '2021-11-12', '07:01:10', 0, '16:00:00', 8.989),
(864, 27, '2021-11-12', '07:00:00', 1, '16:00:00', 9),
(865, 28, '2021-11-12', '08:00:00', 1, '17:00:00', 9),
(866, 29, '2021-11-12', '09:00:00', 1, '18:00:00', 9),
(867, 30, '2021-11-12', '08:00:00', 1, '17:00:00', 9),
(868, 31, '2021-11-12', '09:00:00', 1, '18:00:00', 9),
(869, 1, '2021-11-13', '08:00:00', 1, '17:00:00', 9),
(870, 2, '2021-11-13', '08:00:00', 1, '17:00:00', 9),
(871, 3, '2021-11-13', '08:00:00', 1, '17:00:00', 9),
(872, 4, '2021-11-13', '09:00:00', 1, '18:00:00', 9),
(873, 5, '2021-11-13', '08:00:00', 1, '17:00:00', 9),
(874, 6, '2021-11-13', '10:00:00', 1, '19:00:00', 9),
(875, 7, '2021-11-13', '08:00:00', 1, '17:00:00', 9),
(876, 8, '2021-11-13', '08:00:00', 1, '17:00:00', 9),
(877, 9, '2021-11-13', '08:00:00', 1, '17:00:00', 9),
(878, 10, '2021-11-13', '09:00:00', 1, '18:00:00', 9),
(879, 11, '2021-11-13', '08:00:00', 1, '17:00:00', 9),
(880, 12, '2021-11-13', '10:00:00', 1, '19:00:00', 9),
(881, 13, '2021-11-13', '09:00:00', 1, '18:00:00', 9),
(882, 14, '2021-11-13', '08:00:00', 1, '17:00:00', 9),
(883, 15, '2021-11-13', '09:00:00', 1, '18:00:00', 9),
(884, 16, '2021-11-13', '09:00:00', 1, '18:00:00', 9),
(885, 17, '2021-11-13', '08:00:00', 1, '17:00:00', 9),
(886, 18, '2021-11-13', '08:00:00', 1, '17:00:00', 9),
(887, 19, '2021-11-13', '07:00:00', 1, '16:00:00', 9),
(888, 20, '2021-11-13', '10:00:00', 1, '19:00:00', 9),
(889, 21, '2021-11-13', '07:00:00', 1, '16:00:00', 9),
(890, 22, '2021-11-13', '07:00:00', 1, '16:00:00', 9),
(891, 23, '2021-11-13', '08:00:00', 1, '17:00:00', 9),
(892, 24, '2021-11-13', '10:00:00', 1, '19:00:00', 9),
(893, 25, '2021-11-13', '07:00:00', 1, '16:00:00', 9),
(894, 26, '2021-11-13', '07:00:00', 1, '16:00:00', 9),
(895, 27, '2021-11-13', '07:00:00', 1, '16:00:00', 9),
(896, 28, '2021-11-13', '08:00:00', 1, '17:00:00', 9),
(897, 29, '2021-11-13', '09:00:00', 1, '18:00:00', 9),
(898, 30, '2021-11-13', '08:00:00', 1, '17:00:00', 9),
(899, 31, '2021-11-13', '09:00:00', 1, '18:00:00', 9),
(900, 1, '2021-11-14', '08:00:00', 1, '17:00:00', 9),
(901, 2, '2021-11-14', '08:00:00', 1, '17:00:00', 9),
(902, 3, '2021-11-14', '08:00:00', 1, '17:00:00', 9),
(903, 4, '2021-11-14', '09:00:00', 1, '18:00:00', 9),
(904, 5, '2021-11-14', '08:00:00', 1, '17:00:00', 9),
(905, 6, '2021-11-14', '10:00:00', 1, '19:00:00', 9),
(906, 7, '2021-11-14', '08:00:00', 1, '17:00:00', 9),
(907, 8, '2021-11-14', '08:00:00', 1, '17:00:00', 9),
(908, 9, '2021-11-14', '08:00:00', 1, '17:00:00', 9),
(909, 10, '2021-11-14', '09:00:00', 1, '18:00:00', 9),
(910, 11, '2021-11-14', '08:00:00', 1, '17:00:00', 9),
(911, 12, '2021-11-14', '10:00:00', 1, '19:00:00', 9),
(912, 13, '2021-11-14', '09:00:00', 1, '18:00:00', 9),
(913, 14, '2021-11-14', '08:00:00', 1, '17:00:00', 9),
(914, 15, '2021-11-14', '09:00:00', 1, '18:00:00', 9),
(915, 16, '2021-11-14', '09:00:00', 1, '18:00:00', 9),
(916, 17, '2021-11-14', '08:00:00', 1, '17:00:00', 9),
(917, 18, '2021-11-14', '08:00:00', 1, '17:00:00', 9),
(918, 19, '2021-11-14', '07:00:00', 1, '16:00:00', 9),
(919, 20, '2021-11-14', '10:00:00', 1, '19:00:00', 9),
(920, 21, '2021-11-14', '07:00:00', 1, '16:00:00', 9),
(921, 22, '2021-11-14', '07:00:00', 1, '16:00:00', 9),
(922, 23, '2021-11-14', '08:00:00', 1, '17:00:00', 9),
(923, 24, '2021-11-14', '10:00:00', 1, '19:00:00', 9),
(924, 25, '2021-11-14', '07:00:00', 1, '16:00:00', 9),
(925, 26, '2021-11-14', '07:30:00', 0, '16:00:00', 9),
(926, 27, '2021-11-14', '07:00:00', 1, '16:00:00', 9),
(927, 28, '2021-11-14', '08:00:00', 1, '17:00:00', 9),
(928, 29, '2021-11-14', '09:00:00', 1, '18:00:00', 9),
(929, 30, '2021-11-14', '08:00:00', 1, '17:00:00', 9),
(930, 31, '2021-11-14', '09:00:00', 1, '18:00:00', 9),
(931, 1, '2021-11-15', '08:00:00', 1, '17:00:00', 9),
(932, 2, '2021-11-15', '08:00:00', 1, '17:00:00', 9),
(933, 3, '2021-11-15', '08:00:00', 1, '17:00:00', 9),
(934, 4, '2021-11-15', '09:00:00', 1, '18:00:00', 9),
(935, 5, '2021-11-15', '08:00:00', 1, '17:00:00', 9),
(936, 6, '2021-11-15', '10:00:00', 1, '19:00:00', 9),
(937, 7, '2021-11-15', '08:00:00', 1, '17:00:00', 9),
(938, 8, '2021-11-15', '08:00:00', 1, '17:00:00', 9),
(939, 9, '2021-11-15', '08:00:00', 1, '17:00:00', 9),
(940, 10, '2021-11-15', '09:00:00', 1, '18:00:00', 9),
(941, 11, '2021-11-15', '08:00:00', 1, '17:00:00', 9),
(942, 12, '2021-11-15', '10:00:00', 1, '19:00:00', 9),
(943, 13, '2021-11-15', '09:00:00', 1, '18:00:00', 9),
(944, 14, '2021-11-15', '08:00:00', 1, '17:00:00', 9),
(945, 15, '2021-11-15', '09:00:00', 1, '18:00:00', 9),
(946, 16, '2021-11-15', '09:00:00', 1, '18:00:00', 9),
(947, 17, '2021-11-15', '08:00:00', 1, '17:00:00', 9),
(948, 18, '2021-11-15', '08:00:00', 1, '17:00:00', 9),
(949, 19, '2021-11-15', '07:00:00', 1, '16:00:00', 9);
INSERT INTO `attendance` (`id`, `employee_id`, `date`, `time_in`, `status`, `time_out`, `num_hr`) VALUES
(950, 20, '2021-11-15', '10:00:00', 1, '19:00:00', 9),
(951, 21, '2021-11-15', '07:00:00', 1, '16:00:00', 9),
(952, 22, '2021-11-15', '07:34:00', 0, '16:00:00', 9),
(953, 23, '2021-11-15', '08:00:00', 1, '17:00:00', 9),
(954, 24, '2021-11-15', '10:00:00', 1, '19:00:00', 9),
(955, 25, '2021-11-15', '07:00:00', 1, '16:00:00', 9),
(956, 26, '2021-11-15', '07:00:00', 1, '16:00:00', 9),
(957, 27, '2021-11-15', '07:00:00', 1, '16:00:00', 9),
(958, 28, '2021-11-15', '08:00:00', 1, '17:00:00', 9),
(959, 29, '2021-11-15', '09:00:00', 1, '18:00:00', 9),
(960, 30, '2021-11-15', '08:00:00', 1, '17:00:00', 9),
(961, 31, '2021-11-15', '09:00:00', 1, '18:00:00', 9),
(962, 1, '2021-11-15', '08:00:00', 1, '17:00:00', 9),
(963, 2, '2021-11-16', '08:00:00', 1, '17:00:00', 9),
(964, 3, '2021-11-16', '08:00:00', 1, '17:00:00', 9),
(965, 4, '2021-11-16', '09:00:00', 1, '18:00:00', 9),
(966, 5, '2021-11-16', '08:11:04', 0, '17:00:00', 8.8896),
(967, 6, '2021-11-16', '10:00:00', 1, '19:00:00', 9),
(968, 7, '2021-11-16', '08:00:00', 1, '17:00:00', 9),
(969, 8, '2021-11-16', '08:00:00', 1, '17:00:00', 9),
(970, 9, '2021-11-16', '08:00:00', 1, '17:00:00', 9),
(971, 10, '2021-11-16', '09:00:00', 1, '18:00:00', 9),
(972, 11, '2021-11-16', '08:00:00', 1, '17:00:00', 9),
(973, 12, '2021-11-16', '10:00:00', 1, '19:00:00', 9),
(974, 13, '2021-11-16', '09:00:00', 1, '18:00:00', 9),
(975, 14, '2021-11-16', '08:00:00', 1, '17:00:00', 9),
(976, 15, '2021-11-16', '09:00:00', 1, '18:00:00', 9),
(977, 16, '2021-11-16', '09:00:00', 1, '18:00:00', 9),
(978, 17, '2021-11-16', '08:00:00', 1, '17:00:00', 9),
(979, 18, '2021-11-16', '08:00:00', 1, '17:00:00', 9),
(980, 19, '2021-11-16', '07:00:00', 1, '16:00:00', 9),
(981, 20, '2021-11-16', '10:00:00', 1, '19:00:00', 9),
(982, 21, '2021-11-16', '07:00:00', 1, '16:00:00', 9),
(983, 22, '2021-11-16', '07:00:00', 1, '16:00:00', 9),
(984, 23, '2021-11-16', '08:00:00', 1, '17:00:00', 9),
(985, 24, '2021-11-16', '11:00:00', 0, '19:00:00', 8),
(986, 25, '2021-11-16', '08:23:00', 0, '16:00:00', 9),
(987, 26, '2021-11-16', '07:00:00', 1, '16:00:00', 9),
(988, 27, '2021-11-16', '07:10:00', 0, '16:00:00', 9),
(989, 28, '2021-11-16', '08:00:00', 1, '17:00:00', 9),
(990, 29, '2021-11-16', '09:00:00', 1, '18:00:00', 9),
(991, 30, '2021-11-16', '08:00:00', 1, '17:00:00', 9),
(992, 31, '2021-11-16', '09:00:00', 1, '18:00:00', 9),
(993, 1, '2021-11-17', '08:00:00', 1, '17:00:00', 9),
(994, 2, '2021-11-17', '08:00:00', 1, '17:00:00', 9),
(995, 3, '2021-11-17', '08:00:00', 1, '17:00:00', 9),
(996, 4, '2021-11-17', '09:00:00', 1, '18:00:00', 9),
(997, 5, '2021-11-17', '08:00:00', 1, '17:00:00', 9),
(998, 6, '2021-11-17', '10:00:00', 1, '19:00:00', 9),
(999, 7, '2021-11-17', '08:00:00', 1, '17:00:00', 9),
(1000, 8, '2021-11-17', '08:00:00', 1, '17:00:00', 9),
(1001, 9, '2021-11-17', '08:00:00', 1, '17:00:00', 9),
(1002, 10, '2021-11-17', '09:00:00', 1, '18:00:00', 9),
(1003, 11, '2021-11-17', '08:00:00', 1, '17:00:00', 9),
(1004, 12, '2021-11-17', '10:00:00', 1, '19:00:00', 9),
(1005, 13, '2021-11-17', '09:00:00', 1, '18:00:00', 9),
(1006, 14, '2021-11-17', '08:00:00', 1, '17:00:00', 9),
(1007, 15, '2021-11-17', '09:00:00', 1, '18:00:00', 9),
(1008, 16, '2021-11-17', '09:00:00', 1, '18:00:00', 9),
(1009, 17, '2021-11-17', '08:00:00', 1, '17:00:00', 9),
(1010, 18, '2021-11-17', '08:00:00', 1, '17:00:00', 9),
(1011, 19, '2021-11-17', '07:00:00', 1, '16:00:00', 9),
(1012, 20, '2021-11-17', '10:00:00', 1, '19:00:00', 9),
(1013, 21, '2021-11-17', '07:00:00', 1, '16:00:00', 9),
(1014, 22, '2021-11-17', '07:00:00', 1, '16:00:00', 9),
(1015, 23, '2021-11-17', '08:00:00', 1, '17:00:00', 9),
(1016, 24, '2021-11-17', '10:00:00', 1, '19:00:00', 9),
(1017, 25, '2021-11-17', '07:00:00', 1, '16:00:00', 9),
(1018, 26, '2021-11-17', '07:00:00', 1, '16:00:00', 9),
(1019, 27, '2021-11-17', '07:00:00', 1, '16:00:00', 9),
(1020, 28, '2021-11-17', '08:00:00', 1, '17:00:00', 9),
(1021, 29, '2021-11-17', '09:00:00', 1, '18:00:00', 9),
(1022, 30, '2021-11-17', '08:00:19', 0, '17:00:00', 9),
(1023, 31, '2021-11-17', '09:00:00', 1, '18:00:00', 9),
(1024, 1, '2021-11-18', '08:00:00', 1, '17:00:00', 9),
(1025, 2, '2021-11-18', '08:00:00', 1, '17:00:00', 9),
(1026, 3, '2021-11-18', '08:00:00', 1, '17:00:00', 9),
(1027, 4, '2021-11-18', '09:00:00', 1, '18:00:00', 9),
(1028, 5, '2021-11-18', '08:01:00', 0, '17:00:00', 9),
(1029, 6, '2021-11-18', '10:00:00', 1, '19:00:00', 9),
(1030, 7, '2021-11-18', '08:00:00', 1, '17:00:00', 9),
(1031, 8, '2021-11-18', '08:00:00', 1, '17:00:00', 9),
(1032, 9, '2021-11-18', '08:00:00', 1, '17:00:00', 9),
(1033, 10, '2021-11-18', '09:00:00', 1, '18:00:00', 9),
(1034, 11, '2021-11-18', '08:00:00', 1, '17:00:00', 9),
(1035, 12, '2021-11-18', '10:00:00', 1, '19:00:00', 9),
(1036, 13, '2021-11-18', '09:00:00', 1, '18:00:00', 9),
(1037, 14, '2021-11-18', '08:00:00', 1, '17:00:00', 9),
(1038, 15, '2021-11-18', '09:00:00', 1, '18:00:00', 9),
(1039, 16, '2021-11-18', '09:00:00', 1, '18:00:00', 9),
(1040, 17, '2021-11-18', '08:00:00', 1, '17:00:00', 9),
(1041, 18, '2021-11-18', '08:00:00', 1, '17:00:00', 9),
(1042, 19, '2021-11-18', '07:00:00', 1, '16:00:00', 9),
(1043, 20, '2021-11-18', '10:00:00', 1, '19:00:00', 9),
(1044, 21, '2021-11-18', '07:00:00', 1, '16:00:00', 9),
(1045, 22, '2021-11-18', '07:00:00', 1, '16:00:00', 9),
(1046, 23, '2021-11-18', '08:00:00', 1, '17:00:00', 9),
(1047, 24, '2021-11-18', '10:00:00', 1, '19:00:00', 9),
(1048, 25, '2021-11-18', '07:00:00', 1, '16:00:00', 9),
(1049, 26, '2021-11-18', '07:00:00', 1, '16:00:00', 9),
(1050, 27, '2021-11-18', '07:00:00', 1, '16:00:00', 9),
(1051, 28, '2021-11-18', '08:00:00', 1, '17:00:00', 9),
(1052, 29, '2021-11-18', '09:00:00', 1, '18:00:00', 9),
(1053, 30, '2021-11-18', '08:00:00', 1, '17:00:00', 9),
(1054, 31, '2021-11-18', '09:00:00', 1, '18:00:00', 9),
(1055, 31, '2021-11-19', '09:02:00', 0, '18:00:00', 9),
(1056, 30, '2021-11-19', '08:00:00', 1, '17:00:00', 9),
(1057, 29, '2021-11-19', '09:00:00', 1, '18:00:00', 9),
(1058, 28, '2021-11-19', '08:00:00', 1, '17:00:00', 9),
(1059, 27, '2021-11-19', '07:00:00', 1, '16:00:00', 9),
(1060, 26, '2021-11-19', '07:00:00', 1, '16:00:00', 9),
(1061, 25, '2021-11-19', '07:05:00', 0, '16:00:00', 8.95),
(1062, 24, '2021-11-19', '10:00:00', 1, '19:00:00', 9),
(1063, 23, '2021-11-19', '08:00:00', 1, '17:00:00', 9),
(1064, 22, '2021-11-19', '07:00:00', 1, '16:00:00', 9),
(1065, 21, '2021-11-19', '07:00:00', 1, '16:00:00', 9),
(1066, 20, '2021-11-19', '10:00:00', 1, '19:00:00', 9),
(1067, 19, '2021-11-19', '07:00:00', 1, '16:00:00', 9),
(1068, 18, '2021-11-19', '08:02:11', 0, '17:00:00', 8.9789),
(1069, 17, '2021-11-19', '08:00:00', 1, '17:00:00', 9),
(1070, 16, '2021-11-19', '09:00:00', 1, '18:00:00', 9),
(1071, 15, '2021-11-19', '09:00:00', 1, '18:00:00', 9),
(1072, 14, '2021-11-19', '08:00:00', 1, '17:00:00', 9),
(1073, 13, '2021-11-19', '09:00:00', 1, '18:00:00', 9),
(1074, 12, '2021-11-19', '10:00:00', 1, '19:00:00', 9),
(1075, 11, '2021-11-19', '08:00:00', 1, '17:00:00', 9),
(1076, 10, '2021-11-19', '09:00:00', 1, '18:00:00', 9),
(1077, 9, '2021-11-19', '08:00:00', 1, '17:00:00', 9),
(1078, 8, '2021-11-19', '08:00:00', 1, '17:00:00', 9),
(1079, 7, '2021-11-19', '08:00:00', 1, '17:00:00', 9),
(1080, 6, '2021-11-19', '10:00:00', 1, '19:00:00', 9),
(1081, 5, '2021-11-19', '08:00:00', 1, '17:00:00', 9),
(1082, 4, '2021-11-19', '09:00:00', 1, '18:00:00', 9),
(1083, 3, '2021-11-19', '08:00:00', 1, '17:00:00', 9),
(1084, 2, '2021-11-19', '08:00:00', 1, '17:00:00', 9),
(1085, 1, '2021-11-19', '08:00:00', 1, '17:00:00', 9);

-- --------------------------------------------------------

--
-- Cấu trúc bảng cho bảng `cashadvance`
--

CREATE TABLE `cashadvance` (
  `id` int(11) NOT NULL,
  `date_advance` date NOT NULL,
  `employee_id` varchar(15) NOT NULL,
  `amount` double NOT NULL
) ENGINE=InnoDB DEFAULT CHARSET=latin1;

--
-- Đang đổ dữ liệu cho bảng `cashadvance`
--

INSERT INTO `cashadvance` (`id`, `date_advance`, `employee_id`, `amount`) VALUES
(3, '2021-11-17', '1', 100),
(4, '2021-11-18', '5', 350),
(5, '2021-11-18', '2', 150);

-- --------------------------------------------------------

--
-- Cấu trúc bảng cho bảng `deductions`
--

CREATE TABLE `deductions` (
  `id` int(11) NOT NULL,
  `description` varchar(100) NOT NULL,
  `amount` double NOT NULL
) ENGINE=InnoDB DEFAULT CHARSET=latin1;

--
-- Đang đổ dữ liệu cho bảng `deductions`
--

INSERT INTO `deductions` (`id`, `description`, `amount`) VALUES
(1, 'Health insurance', 100),
(2, 'Personal income', 50),
(3, 'Accident insurance', 100),
(4, 'Project Issues', 50);

-- --------------------------------------------------------

--
-- Cấu trúc bảng cho bảng `employees`
--

CREATE TABLE `employees` (
  `id` int(11) NOT NULL,
  `employee_id` varchar(15) NOT NULL,
  `firstname` varchar(50) NOT NULL,
  `lastname` varchar(50) NOT NULL,
  `address` text NOT NULL,
  `birthdate` date NOT NULL,
  `contact_info` varchar(100) NOT NULL,
  `gender` varchar(10) NOT NULL,
  `position_id` int(11) NOT NULL,
  `schedule_id` int(11) NOT NULL,
  `photo` varchar(200) NOT NULL,
  `created_on` date NOT NULL
) ENGINE=InnoDB DEFAULT CHARSET=latin1;

--
-- Đang đổ dữ liệu cho bảng `employees`
--

INSERT INTO `employees` (`id`, `employee_id`, `firstname`, `lastname`, `address`, `birthdate`, `contact_info`, `gender`, `position_id`, `schedule_id`, `photo`, `created_on`) VALUES
(1, 'ABC123456789', 'Phung ', 'Ly', 'Phu Tho', '2001-02-16', '', 'Female', 2, 2, 'girl8.jpg', '2021-11-08'),
(2, 'AVQ301224121', 'Manh', 'Quan', 'Hue', '1995-09-24', 'xxx', 'Male', 2, 2, 'cat1.jpg', '2021-11-17'),
(3, 'DYE473869250', 'Julyn', 'Divinagracia', 'E.B. Magalona', '1992-05-02', '09123456789', 'Female', 2, 2, '', '2021-11-13'),
(4, 'JIE625973480', 'Gemalyn', 'Cepe', 'Carmen, Bohol', '1995-10-02', '09468029840', 'Female', 2, 3, '', '2021-11-13'),
(5, 'TQO238109674', 'Bruno', 'Den', 'Test', '1995-08-23', '5454578965', 'Male', 1, 2, 'thanossmile.jpg', '2021-11-13'),
(6, 'EDQ203874591', 'Henry', 'Doe', 'New St. Esp', '1991-07-25', '9876543210', 'Male', 2, 4, 'male.png', '2021-11-13'),
(7, 'TWY781946302', 'Johnny', 'Jr', 'Esp', '1995-07-11', '8467067344', 'Male', 1, 2, 'profile.jpg', '2021-11-13'),
(8, 'GWZ071342865', 'Tonny', 'Jr', 'Esp 12 South Street', '1994-07-19', '9876543210', 'Male', 1, 2, 'profile.jpg', '2021-11-13'),
(9, 'HEL079321846', 'Jacob', 'Carter', 'St12 N1', '1995-07-18', '5454578965', 'Male', 1, 2, 'profile.jpg', '2021-11-13'),
(10, 'OCN273564901', 'Benjamin', 'Cohen', 'TEST', '1991-07-25', '78548852145', 'Male', 2, 3, 'profile.jpg', '2021-11-13'),
(11, 'PGX413705682', 'Ethan', 'Carson', 'DEMO', '1994-07-19', '8467067344', 'Male', 1, 2, 'profile.jpg', '2021-11-13'),
(12, 'YWX536478912', 'Daniel', 'Cooper', 'Test', '1995-07-11', '9876543210', 'Male', 2, 4, 'profile.jpg', '2021-11-13'),
(13, 'ALB590623481', 'Emma', 'Wallis', 'Test', '1994-07-19', '9632145655', 'Female', 1, 3, 'female4.jpg', '2021-11-13'),
(14, 'IOV153842976', 'Sophia', 'Maguire', 'Test', '1995-07-11', '5454578965', 'Female', 2, 2, 'profile.jpg', '2021-11-13'),
(15, 'CAB835624170', 'Mia', 'Hollister', 'Test', '1995-07-18', '9632145655', 'Female', 2, 3, 'profile.jpg', '2021-11-13'),
(16, 'MGZ312906745', 'Emily', 'JK', 'Test', '1996-07-24', '9876543210', 'Female', 2, 3, 'profile.jpg', '2021-11-13'),
(17, 'HSP067892134', 'Nakia', 'Grey', 'Test', '1995-10-24', '8467067344', 'Female', 1, 2, 'profile.jpg', '2021-11-13'),
(18, 'BVH081749563', 'Dave', 'Cruze', 'Demo', '1990-01-02', '5454578965', 'Male', 2, 2, 'flower2.jpg', '2021-11-13'),
(19, 'ZTC714069832', 'Logan', 'Paul', 'Esp 16', '1994-12-30', '0202121255', 'Male', 1, 1, 'profile.jpg', '2021-11-13'),
(20, 'VFT157620348', 'Jack', 'Adler', 'Test', '1991-07-25', '6545698880', 'Male', 1, 4, 'profile.jpg', '2021-11-13'),
(21, 'XRF342608719', 'Mason', 'Beckett', 'Demo', '1996-07-24', '8467067344', 'Male', 2, 1, 'profile.jpg', '2021-11-13'),
(22, 'LVO541238690', 'Lucas', 'Cooper', 'Demo', '1995-07-18', '9632145655', 'Male', 2, 1, 'profile.jpg', '2021-11-13'),
(23, 'AEI036154829', 'Alex', 'Cohen', 'Demo', '1995-08-23', '9632145655', 'Male', 1, 2, 'cat5.jpg', '2021-11-13'),
(24, 'EKS183702645', 'Phuong', 'Nam', 'Cau Giay\r\nPham Van Dong,Mai Dich', '2001-12-08', '', 'Female', 3, 4, '16e464c0cab9851c52eed6688889bc25.jpg', '2021-11-13'),
(25, 'XBY970824136', 'Phung', 'Ly', 'Cau Giay\r\nPham Van Dong,Mai Dich', '2001-02-16', '0367673', 'Female', 2, 1, 'original (6).jpg', '2021-11-13'),
(26, 'AVY301224121', 'Phuong', 'Thao', 'Ha Noi-VietNam', '2001-10-21', '', 'Female', 2, 1, 'girl1.jpg', '2021-11-13'),
(27, 'RMS014526973', 'Phuong', 'Thao', 'Ha Noi', '2001-10-21', 'xxxxxxx', 'Female', 2, 1, '@_marryz profile on Instagram • 118 posts.jpg', '2021-11-13'),
(28, 'AXQ301224121', 'Hong', 'Ha', 'Nam Dinh', '1997-08-25', '', 'Female', 2, 2, 'girl3.jpg', '2021-11-17'),
(29, 'AVQ301224122', 'Ha', 'Huy', 'Nghe An', '1999-10-28', '', 'Male', 4, 3, 'male2.jpg', '2021-11-17'),
(30, 'ACE123456789', 'Kim', 'Taehyung', 'Daegu,Korea', '1995-12-30', '', 'Male', 2, 2, 'V4.jpg', '2021-11-17'),
(31, 'AAB123456789', 'Phuong', 'Nam', 'Nam Dinh', '2001-12-08', '', 'Female', 3, 3, 'girl24.jpg', '2021-11-04');

-- --------------------------------------------------------

--
-- Cấu trúc bảng cho bảng `overtime`
--

CREATE TABLE `overtime` (
  `id` int(11) NOT NULL,
  `employee_id` varchar(15) NOT NULL,
  `hours` double NOT NULL,
  `rate` double NOT NULL,
  `date_overtime` date NOT NULL
) ENGINE=InnoDB DEFAULT CHARSET=latin1;

--
-- Đang đổ dữ liệu cho bảng `overtime`
--

INSERT INTO `overtime` (`id`, `employee_id`, `hours`, `rate`, `date_overtime`) VALUES
(4, '6', 240, 1500, '2021-11-08'),
(5, '4', 283.33333333333, 3600, '2021-11-08');

-- --------------------------------------------------------

--
-- Cấu trúc bảng cho bảng `position`
--

CREATE TABLE `position` (
  `id` int(11) NOT NULL,
  `description` varchar(150) NOT NULL,
  `rate` double NOT NULL
) ENGINE=InnoDB DEFAULT CHARSET=latin1;

--
-- Đang đổ dữ liệu cho bảng `position`
--

INSERT INTO `position` (`id`, `description`, `rate`) VALUES
(1, 'Programmer', 100),
(2, 'Writer', 50),
(3, 'Marketing ', 35),
(4, 'Graphic Designer', 75);

-- --------------------------------------------------------

--
-- Cấu trúc bảng cho bảng `schedules`
--

CREATE TABLE `schedules` (
  `id` int(11) NOT NULL,
  `time_in` time NOT NULL,
  `time_out` time NOT NULL
) ENGINE=InnoDB DEFAULT CHARSET=latin1;

--
-- Đang đổ dữ liệu cho bảng `schedules`
--

INSERT INTO `schedules` (`id`, `time_in`, `time_out`) VALUES
(1, '07:00:00', '16:00:00'),
(2, '08:00:00', '17:00:00'),
(3, '09:00:00', '18:00:00'),
(4, '10:00:00', '19:00:00');

--
-- Chỉ mục cho các bảng đã đổ
--

--
-- Chỉ mục cho bảng `admin`
--
ALTER TABLE `admin`
  ADD PRIMARY KEY (`id`);

--
-- Chỉ mục cho bảng `attendance`
--
ALTER TABLE `attendance`
  ADD PRIMARY KEY (`id`),
  ADD KEY `idx_employeeid` (`employee_id`);

--
-- Chỉ mục cho bảng `cashadvance`
--
ALTER TABLE `cashadvance`
  ADD PRIMARY KEY (`id`);

--
-- Chỉ mục cho bảng `deductions`
--
ALTER TABLE `deductions`
  ADD PRIMARY KEY (`id`);

--
-- Chỉ mục cho bảng `employees`
--
ALTER TABLE `employees`
  ADD PRIMARY KEY (`id`),
  ADD KEY `idx_firstname` (`firstname`),
  ADD KEY `idx_lastname` (`lastname`);

--
-- Chỉ mục cho bảng `overtime`
--
ALTER TABLE `overtime`
  ADD PRIMARY KEY (`id`);

--
-- Chỉ mục cho bảng `position`
--
ALTER TABLE `position`
  ADD PRIMARY KEY (`id`);

--
-- Chỉ mục cho bảng `schedules`
--
ALTER TABLE `schedules`
  ADD PRIMARY KEY (`id`);

--
-- AUTO_INCREMENT cho các bảng đã đổ
--

--
-- AUTO_INCREMENT cho bảng `admin`
--
ALTER TABLE `admin`
  MODIFY `id` int(11) NOT NULL AUTO_INCREMENT, AUTO_INCREMENT=5;

--
-- AUTO_INCREMENT cho bảng `attendance`
--
ALTER TABLE `attendance`
  MODIFY `id` int(11) NOT NULL AUTO_INCREMENT, AUTO_INCREMENT=1086;

--
-- AUTO_INCREMENT cho bảng `cashadvance`
--
ALTER TABLE `cashadvance`
  MODIFY `id` int(11) NOT NULL AUTO_INCREMENT, AUTO_INCREMENT=6;

--
-- AUTO_INCREMENT cho bảng `deductions`
--
ALTER TABLE `deductions`
  MODIFY `id` int(11) NOT NULL AUTO_INCREMENT, AUTO_INCREMENT=5;

--
-- AUTO_INCREMENT cho bảng `employees`
--
ALTER TABLE `employees`
  MODIFY `id` int(11) NOT NULL AUTO_INCREMENT, AUTO_INCREMENT=32;

--
-- AUTO_INCREMENT cho bảng `overtime`
--
ALTER TABLE `overtime`
  MODIFY `id` int(11) NOT NULL AUTO_INCREMENT, AUTO_INCREMENT=6;

--
-- AUTO_INCREMENT cho bảng `position`
--
ALTER TABLE `position`
  MODIFY `id` int(11) NOT NULL AUTO_INCREMENT, AUTO_INCREMENT=5;

--
-- AUTO_INCREMENT cho bảng `schedules`
--
ALTER TABLE `schedules`
  MODIFY `id` int(11) NOT NULL AUTO_INCREMENT, AUTO_INCREMENT=5;
COMMIT;

/*!40101 SET CHARACTER_SET_CLIENT=@OLD_CHARACTER_SET_CLIENT */;
/*!40101 SET CHARACTER_SET_RESULTS=@OLD_CHARACTER_SET_RESULTS */;
/*!40101 SET COLLATION_CONNECTION=@OLD_COLLATION_CONNECTION */;
